,product_id,name,rating,rating_count,num_flowers,target_price,bonus,name_length,composition_flowers_length,aroma_id,city_id,composition_flowers_id
155,2080,Букет из 25 красной premium розы 40-50 см (Эквадор) в упаковке,4.5,921,25.0,8290.0,415,62,4.0,11,3,26
576,1863,Букет цветов Клубничный сорбет,5.0,672,15.0,3848.0,193,30,7.0,7,5,5
1168,2945,Букет из 11 белых кустовых хризантем Сантини в упаковке,4.6,763,11.0,3449.0,173,55,10.0,8,2,36
447,4606,Букет из 51 тюльпана стандарт яркий микс под ленту,5.0,791,49.0,5870.0,294,50,7.0,1,3,33
628,3208,Букет из 15 альстромерий нежный микс в стильной упаковке,4.5,723,15.0,3712.0,186,56,12.0,1,5,1
436,4572,Букет из 25 розовых тюльпанов стандарт под ленту,4.7,671,25.0,4032.0,202,48,7.0,1,3,33
895,1680,Букет из 25 гербер стандарт микс в стильной упаковке,4.8,530,25.0,3990.0,200,52,7.0,7,4,5
1392,89,Тюльпаны желтые,4.9,841,15.0,371.0,19,15,7.0,1,1,33
1281,28,Лизиантус фиолетовый,4.6,472,9.0,585.0,30,20,7.0,1,2,38
927,3415,Лилия ориентальная розовая,4.7,356,9.0,1049.0,53,26,5.0,11,4,20
98,3744,Букет из 9 красных роз premium 40-50 см (Эквадор) в стильной упаковке,5.0,649,9.0,3791.0,190,69,4.0,11,3,26
1331,4574,Букет из 25 белых тюльпанов стандарт под ленту,4.6,869,25.0,5018.0,251,46,7.0,1,2,33
1257,3627,Букет из 35 альстромерий яркий микс в  упаковке,4.8,497,35.0,7322.0,367,47,12.0,1,2,1
1394,1046,Тюльпаны пионовидные розово- желтые,4.6,815,15.0,478.0,24,35,7.0,1,1,33
121,3940,Букет из 35 малиновых роз 35-40 см (Россия) в стильной упаковке,4.8,884,35.0,5723.0,287,63,4.0,2,3,26
1486,77,Хризантема кустовая белая,4.9,540,11.0,487.0,25,25,10.0,8,1,36
446,4573,Букет из 51 розового тюльпана стандарт под ленту,4.5,562,49.0,5870.0,294,48,7.0,1,3,33
269,33,Лилия азиатская желтая,4.6,566,9.0,587.0,30,22,5.0,11,3,20
1131,5067,Букет цветов Каприз,4.7,137,3.0,2410.0,121,19,4.0,11,4,23
165,3585,Букет из 9 белых кустовых хризантем в стильной упаковке,4.8,691,9.0,3801.0,191,55,10.0,8,3,36
325,1849,Букет цветов Родимая,4.9,657,9.0,5870.0,294,20,7.0,1,3,38
523,123,Сантини белая ромашка,5.0,751,15.0,240.0,12,21,10.0,8,5,36
1409,2582,Букет из 25 фрезий микс в дизайнерской упаковке,4.9,462,25.0,9241.0,463,47,6.0,10,1,35
1112,2157,Букет цветов Романтический день,5.0,451,25.0,4085.0,205,31,7.0,1,4,33
538,5515,Букет цветов Нежные ноты,4.6,166,7.0,2258.0,113,24,14.5,8,5,4
513,3735,Букет из 51 белой кустовой хризантемы Сантини в стильной упаковке,5.0,562,49.0,12348.0,618,65,10.0,8,5,36
424,3880,Букет из 25 нарциссов в стильной упаковке,4.7,57,25.0,8616.0,431,41,7.0,6,3,22
1104,5438,Букет в шляпной коробке Нежная,4.6,169,15.0,3350.0,168,30,7.0,1,4,33
1316,5422,Букет из белых тюльпанов стандарт в упаковке   25 шт,4.8,198,25.0,5227.0,262,52,7.0,1,2,33
836,3587,Букет из 15 белых кустовых хризантем в стильной упаковке,4.9,820,15.0,5444.0,273,56,10.0,8,4,36
390,5187,Букет из 11 белых гладиолусов под ленту,4.5,166,11.0,6358.0,318,39,9.0,3,3,11
555,13,Гвоздика белая,4.5,640,21.0,167.0,9,14,8.0,8,5,2
1474,2945,Букет из 11 белых кустовых хризантем Сантини в упаковке,4.6,763,11.0,4057.0,203,55,10.0,8,1,36
1267,2969,Альстромерия нежный микс,4.9,672,15.0,257.0,13,24,12.0,1,2,1
1468,13,Гвоздика белая,4.5,640,21.0,203.0,11,14,8.0,8,1,2
820,5554,Букет из 5 хризантем Бакарди в стильной упаковке,4.8,188,5.0,1880.0,94,48,10.0,8,4,36
768,5439,Букет в шляпной коробке Влюблённость   S на фото,4.7,168,15.0,3770.0,189,48,7.0,1,5,33
1180,4284,Букет из 9 кустовых хризантем Сантини микс в стильной упаковке,4.5,359,9.0,2977.0,149,62,10.0,8,2,36
735,3396,Букет из гипсофил Росинка,4.7,608,5.0,2672.0,134,25,9.0,1,5,8
1310,3268,Букет из гипсофил Созвездие любви,4.8,567,15.0,7755.0,388,33,9.0,1,2,8
739,3688,Букет из гипсофил Белый пух,4.6,437,7.0,3407.0,171,27,9.0,1,5,8
748,3478,Гипсофила белая,4.5,432,15.0,366.0,19,15,9.0,1,5,8
1150,5496,Букет цветов Нежность рассвета,4.8,198,13.0,9125.0,457,30,4.0,11,4,23
171,2945,Букет из 11 белых кустовых хризантем Сантини в упаковке,4.6,763,11.0,3717.0,186,55,10.0,8,3,36
741,3259,Букет из гипсофил Звездная пыль,4.7,503,19.0,9324.0,467,31,9.0,1,5,8
265,3421,Лилия ориентальная малиновая,4.7,447,7.0,1154.0,58,28,5.0,11,3,20
903,3971,Букет из 15 мини гербер микс в стильной упаковке,4.8,511,2.0,3554.0,178,48,7.0,7,4,5
72,5001,Букет из 35 красных роз (Россия) под атласную ленту  35-40см,4.5,136,35.0,5024.0,252,60,4.0,2,3,26
31,2066,Букет цветов Тепло,4.5,789,9.0,1376.0,69,18,4.0,11,3,26
227,2253,Гвоздика микс,4.9,427,33.0,177.0,9,13,8.0,8,3,2
909,4278,Букет из 49 гербер стандарт микс в стильной упаковке,4.9,714,49.0,11393.0,570,52,7.0,7,4,5
1008,3657,Букет из 9 белых эустом в стильной упаковке,5.0,445,9.0,5135.0,257,43,7.0,1,4,38
1054,1417,Букет из 25 подсолнухов под ленту,4.5,626,25.0,13519.0,676,33,9.0,9,4,25
368,3317,Букет из 21 садовой ромашки в стильной упаковке,4.6,477,21.0,6794.0,340,47,7.0,4,3,29
892,3953,Букет из 7 белых мини гербер в стильной упаковке с зеленью,4.7,733,7.0,2252.0,113,58,7.0,7,4,5
937,4885,Букет цветов Твои объятия,4.7,186,1.0,1985.0,100,25,14.5,10,4,15
1097,5427,Букет цветов Комплимент   5 шт,4.8,183,5.0,1255.0,63,30,7.0,1,4,33
483,5497,Букет цветов Летняя серенада,4.8,198,25.0,14617.625,732,28,4.0,11,3,23
708,5186,Букет из 15 гладиолусов микс под ленту,4.4,164,15.0,7682.0,385,38,9.0,3,5,11
1220,3425,Букет из 3 белых ориентальных лилий в упаковке,4.6,748,3.0,4395.0,220,46,5.0,11,2,20
1271,3649,Букет цветов Забота,4.9,591,7.0,2215.0,111,19,4.0,4,2,18
728,4357,Букет из сухоцветов Сладкая жизнь,4.6,741,8.0,10602.0,531,33,9.0,1,5,32
970,957,Букет из 79 альстромерий микс в стильной упаковке,4.5,613,49.0,14617.625,732,49,12.0,1,4,1
150,2146,Букет из 101 белой розы premium 60-70 см (Эквадор) в нежной упаковке,4.5,953,49.0,14617.625,732,68,4.0,11,3,26
1319,2139,Букет из 51 тюльпана пионовидного розового в дизайнерской упаковке,4.9,804,49.0,14617.625,732,66,7.0,1,2,33
521,3951,Букет из 51 белой кустовой хризантемы Балтика в стильной упаковке,5.0,748,49.0,14617.625,732,65,10.0,8,5,36
595,3423,Букет из 7 малиновых ориентальных лилий в упаковке,4.6,693,7.0,8185.0,410,50,5.0,11,5,20
372,4271,Букет из 51 ромашки в стильной упаковке,4.9,378,49.0,14617.625,732,39,7.0,4,3,29
810,5102,Букет цветов Магия любви,4.8,185,15.0,11324.0,567,24,4.0,11,5,23
1167,3593,Букет из 35 кустовых хризантем микс в стильной упаковке,4.7,664,35.0,14617.625,732,55,10.0,8,2,36
1322,1969,Букет из 35 микса тюльпанов в нежной фиолетовой упаковке,4.7,728,35.0,11621.0,582,56,7.0,1,2,33
749,3443,Гипсофила микс,4.9,563,15.0,440.0,22,14,9.0,1,5,8
1209,1881,Букет из 15 гербер стандарт микс в стильной упаковке,4.5,536,15.0,3656.0,183,52,7.0,7,2,5
750,4595,Букет из 25 белых гипсофил в коробке,4.5,199,25.0,8600.0,430,36,9.0,1,5,8
935,3402,Букет цветов Объятия,4.5,436,1.0,2200.0,110,20,14.5,10,4,14
1275,1849,Букет цветов Родимая,4.9,657,9.0,5488.0,275,20,7.0,1,2,38
1251,4232,Букет из 19 маттиол микс в стильной упаковке,5.0,340,19.0,9336.0,467,44,7.0,11,2,21
545,3976,Букет из 15 розовых гвоздик в стильной упаковке с зеленью,4.8,572,15.0,3292.0,165,57,8.0,8,5,2
887,14,Гвоздика красная,4.9,727,21.0,168.0,9,16,8.0,8,4,2
451,2126,Букет цветов Роскошь,4.6,955,49.0,6573.0,329,20,7.0,1,3,33
1114,5437,Букет в шляпной коробке Весна,4.8,185,25.0,4295.0,215,29,7.0,1,4,33
534,5279,Букет цветов Любящее сердце,4.6,167,7.0,1932.0,97,27,8.0,8,5,2
971,3641,Букет цветов Звезда,4.7,370,5.0,1517.0,76,19,12.0,1,4,1
766,4572,Букет из 25 розовых тюльпанов стандарт под ленту,4.7,671,25.0,3665.0,184,48,7.0,1,5,33
926,3421,Лилия ориентальная малиновая,4.7,447,7.0,1049.0,53,28,5.0,11,4,20
1158,5091,Букет из 35 розовых пионов (Premium) в стильной упаковке,4.3,165,35.0,14617.625,732,56,4.0,11,4,23
1089,3268,Букет из гипсофил Созвездие любви,4.8,567,15.0,7439.0,372,33,9.0,1,4,8
110,3944,Букет из 51 розы светлый микс 35-40 см  (Россия) под атласную ленту,4.7,977,49.0,4610.0,231,67,4.0,2,3,26
638,3108,Букет цветов Шелковый смех,4.9,655,31.0,7109.0,356,26,12.0,1,5,1
1482,78,Сантини микс,5.0,944,15.0,265.0,14,12,10.0,8,1,36
557,12,Гвоздика розовая,4.5,538,21.0,167.0,9,16,8.0,8,5,2
448,4453,Букет из 51 тюльпанов стандарт микс под ленту,4.6,632,49.0,5870.0,294,45,7.0,1,3,33
1386,2136,Букет цветов Твоя фантазия,4.8,579,49.0,14617.625,732,26,7.0,1,1,33
1283,542,Букет из 15 матрикарий в стильной упаковке,4.5,331,15.0,5114.0,256,42,7.0,1,2,29
1398,3259,Букет из гипсофил Звездная пыль,4.7,503,19.0,11396.0,570,31,9.0,1,1,8
1026,5095,Букет цветов Ночной порыв,4.6,166,15.0,6867.0,344,25,13.0,4,4,19
100,4841,Букет из 25 белых роз (Россия) под атласную ленту 35-40 см,4.5,2,25.0,4074.0,204,58,4.0,2,3,26
349,5095,Букет цветов Ночной порыв,4.6,166,15.0,7571.0,379,25,13.0,4,3,19
348,5094,Букет цветов Летнее поле,4.5,147,10.0,6048.0,303,24,14.5,1,3,37
1377,4607,Букет из 25 красных тюльпанов стандарт под ленту,4.8,938,25.0,5982.0,300,48,7.0,1,1,33
1080,3377,Букет из гипсофил Сияние,4.5,523,5.0,3040.0,152,24,9.0,1,4,8
507,3587,Букет из 15 белых кустовых хризантем в стильной упаковке,4.9,820,15.0,5444.0,273,56,10.0,8,5,36
524,78,Сантини микс,5.0,944,15.0,240.0,12,12,10.0,8,5,36
1222,3424,Букет из 7 белых ориентальных лилий в упаковке,4.5,425,7.0,9090.0,455,46,5.0,11,2,20
138,2885,Букет из 101 белой розы 35-40 см (Россия) в стильной упаковке,4.5,811,49.0,10269.0,514,61,4.0,2,3,26
716,5187,Букет из 11 белых гладиолусов под ленту,4.5,166,11.0,5783.0,290,39,9.0,3,5,11
645,2968,Альстромерия яркий микс,4.6,362,17.0,219.0,11,23,12.0,1,5,1
630,4829,Букет цветов Бархатные объятия,4.149999999999999,2,19.0,4610.0,231,30,12.0,1,5,1
1256,3637,Букет цветов Желание,4.9,484,9.0,2977.0,149,20,12.0,1,2,1
1293,2947,Букет из 75 белых кустовых хризантем Сантини в стильной упаковке,4.6,531,49.0,14617.625,732,64,10.0,8,2,36
776,4573,Букет из 51 розового тюльпана стандарт под ленту,4.5,562,49.0,5345.0,268,48,7.0,1,5,33
1132,5337,Букет цветов Воплощение мечты,4.7,165,3.0,2877.0,144,29,14.0,11,4,24
933,4178,Букет цветов Голубоглазка,4.8,386,1.0,1360.0,68,25,9.0,10,4,13
686,3131,Букет из 15 хризантем Бакарди в стильной упаковке,5.0,799,15.0,5444.0,273,49,10.0,8,5,36
604,4178,Букет цветов Голубоглазка,4.8,386,1.0,1360.0,68,25,9.0,10,5,13
1185,2947,Букет из 75 белых кустовых хризантем Сантини в стильной упаковке,4.6,531,49.0,14617.625,732,64,10.0,8,2,36
806,5099,Букет цветов Робкая надежда,4.7,175,11.0,8390.0,420,27,4.0,11,5,23
1397,3377,Букет из гипсофил Сияние,4.5,523,5.0,3964.0,199,24,9.0,1,1,8
1294,3318,Букет из 15 садовых ромашек в дизайнерской упаковке,4.7,719,15.0,5767.0,289,51,7.0,4,2,29
37,5361,Букет цветов Нежные объятия    S,5.0,2,7.0,1407.0,71,32,4.0,11,3,26
1476,2395,Букет из 25 кустовых хризантем Сантини микс в стильной упаковке,4.5,635,25.0,7817.0,391,63,10.0,8,1,36
1204,3980,Букет из 35 розовых и белых гвоздик в стильной упаковке,4.7,382,35.0,6259.0,313,55,8.0,8,2,2
744,3287,Букет из гипсофил Первая роса,4.7,330,11.0,4767.0,239,29,9.0,1,5,8
1314,3879,Букет из 15 нарциссов в стильной упаковке,4.8,84,15.0,4463.0,224,41,7.0,6,2,22
442,5437,Букет в шляпной коробке Весна,4.8,185,25.0,4715.0,236,29,7.0,1,3,33
622,5251,Букет из 101 альстромерии микс под ленту,4.6,168,49.0,10990.0,550,40,12.0,1,5,1
1340,4573,Букет из 51 розового тюльпана стандарт под ленту,4.5,562,49.0,9416.0,471,48,7.0,1,2,33
826,3583,Букет из 7 кустовых хризантем микс в стильной упаковке,4.5,912,7.0,2830.0,142,54,10.0,8,4,36
384,5190,Букет из 19 гладиолусов микс в стильной упаковке,4.8,166,19.0,11462.0,574,48,9.0,3,3,11
814,5093,Букет из 35 розовых пионов (Premium) под ленту,4.9,165,35.0,14617.625,732,46,4.0,11,5,23
1313,3443,Гипсофила микс,4.9,563,15.0,438.0,22,14,9.0,1,2,8
276,4885,Букет цветов Твои объятия,4.7,186,1.0,2195.0,110,25,14.5,10,3,15
1247,3226,Букет из 9 маттиол микс в стильной упаковке,4.5,335,9.0,4878.0,244,43,7.0,11,2,21
828,5301,Букет из 11 белых кустовых хризантем в стильной упаковке,4.9,742,11.0,4085.0,205,56,10.0,8,4,36
1312,3478,Гипсофила белая,4.5,432,15.0,365.0,19,15,9.0,1,2,8
966,4987,Букет из 15 альстромерий микс под ленту,5.0,166,15.0,2990.0,150,39,12.0,1,4,1
996,5035,Букет из ирисов под ленту   15 шт,4.7,145,15.0,2819.0,141,33,4.0,4,4,18
89,3746,Букет из 7 белых роз premium 40-50 см (Эквадор) в стильной упаковке,4.9,707,7.0,2914.0,146,67,4.0,11,3,26
1410,2578,Букет из 49 фрезий микс в стильной упаковке,5.0,499,49.0,14617.625,732,43,6.0,10,1,35
48,5701,Букет из 15 кремовых роз 35-40 см (Россия) в упаковке,4.6,154,15.0,3103.0,156,53,4.0,2,3,26
1001,4894,Букет экспресс Добрая,4.7,345,5.0,3145.0,158,21,7.0,1,4,38
675,5555,Букет из 9 хризантем Бакарди в стильной упаковке,4.8,186,9.0,3455.0,173,48,10.0,8,5,36
1330,4460,Букет из 15 пионовидных тюльпанов в упаковке,4.6,610,15.0,4180.0,209,44,7.0,1,2,33
134,4006,Букет из 101 розы яркий микс 35-40 см (Россия) под ленту,4.9,862,49.0,9230.0,462,56,4.0,2,3,26
520,4655,Букет из 25 фиолетовых кустовых хризантем Сантини под ленту,5.0,1,25.0,5801.0,291,59,10.0,8,5,36
1465,2745,Букет из 25 красных гвоздик в стильной упаковке,4.5,594,25.0,5917.0,296,47,8.0,8,1,2
939,4952,Букет цветов Поцелуй нимфы,4.7,196,3.0,3822.0,192,26,14.5,10,4,16
1122,4449,Букет из 51 тюльпана стандарт микс в упаковке,4.8,501,49.0,5975.0,299,45,7.0,1,4,33
1285,2156,Букет из 49 матрикарий в дизайнерской упаковке,4.7,492,49.0,14480.0,724,46,7.0,1,2,29
553,2795,Букет из 51 диантуса (гвоздики) нежный микс в дизайнерской упаковке,4.7,734,49.0,7854.0,393,67,8.0,8,5,2
460,5337,Букет цветов Воплощение мечты,4.7,165,3.0,3161.0,159,29,14.0,11,3,24
1234,2591,Букет цветов Пушистые облака,5.0,642,3.0,7030.0,352,28,9.0,10,2,13
1485,49,Хризантема кустовая фиолетовая,4.6,749,5.0,487.0,25,30,10.0,8,1,36
931,34,Лилия азиатская оранжевая,4.6,584,11.0,576.0,29,25,5.0,11,4,20
487,4736,Букет из 51 розового пиона (Premium) в стильной упаковке,4.6,109,49.0,14617.625,732,56,4.0,11,3,23
783,2136,Букет цветов Твоя фантазия,4.8,579,49.0,7025.0,352,26,7.0,1,5,33
897,2773,Букет из 101 герберы мини микс в стильной упаковке,4.5,388,49.0,14617.625,732,50,7.0,7,4,5
376,561,Букет из 15 подсолнухов под ленту,4.8,559,15.0,9109.0,456,33,9.0,9,3,25
878,3983,Букет из 35 розовых гвоздик в стильной упаковке,4.7,695,35.0,5948.0,298,47,8.0,8,4,2
1420,2395,Букет из 25 кустовых хризантем Сантини микс в стильной упаковке,4.5,635,25.0,7817.0,391,63,10.0,8,1,36
159,3577,Букет из 3 белых кустовых хризантем в стильной упаковке,4.6,685,3.0,1733.0,87,55,10.0,8,3,36
797,2559,Букет цветов Восторг,5.0,714,5.0,4526.0,227,20,14.0,11,5,24
860,4615,Букет из 25 белых хризантем Сантини в коробке,4.7,105,25.0,6762.0,339,45,10.0,8,4,36
704,141,Подсолнух,4.8,421,6.0,524.0,27,9,9.0,9,5,25
385,5636,Букет цветов Нежная осень,4.6,165,3.0,6500.0,325,25,14.5,8,3,12
122,4679,Букет из 51 красной розы 35-40 см (Россия) под ленту,5.0,3,49.0,6342.0,318,52,4.0,2,3,26
808,5496,Букет цветов Нежность рассвета,4.8,198,13.0,9125.0,457,30,4.0,11,5,23
1121,5441,Букет в шляпной коробке из 51 тюльпана стандарт микс,4.9,189,49.0,5975.0,299,52,7.0,1,4,33
1082,3688,Букет из гипсофил Белый пух,4.6,437,7.0,3407.0,171,27,9.0,1,4,8
221,2795,Букет из 51 диантуса (гвоздики) нежный микс в дизайнерской упаковке,4.7,734,49.0,8642.0,433,67,8.0,8,3,2
511,3589,Букет из 19 кустовых хризантем микс в стильной упаковке,4.7,889,19.0,6699.0,335,55,10.0,8,5,36
212,3975,Букет из 15 белых гвоздик в стильной упаковке с зеленью,4.8,739,15.0,3623.0,182,55,8.0,8,3,2
733,4359,Букет из сухоцветов Прощание,4.6,742,3.0,3656.0,183,28,9.0,1,5,32
302,4988,Букет из 35 альстромерий микс под ленту,5.0,135,35.0,7581.0,380,39,12.0,1,3,1
849,4655,Букет из 25 фиолетовых кустовых хризантем Сантини под ленту,5.0,1,25.0,5801.0,291,59,10.0,8,4,36
477,5098,Букет цветов Эстетика любви,4.5,165,11.0,9482.0,475,27,4.0,11,3,23
28,5330,Букет цветов Душевное тепло     S,4.7,187,7.0,1407.0,71,33,4.0,11,3,26
50,5705,Букет из 25 кремовых роз 35-40 см (Россия) под атласную ленту,4.8,185,25.0,4074.0,204,61,4.0,2,3,26
642,3541,Альстромерия желтая,4.6,503,11.0,219.0,11,19,12.0,1,5,1
25,4643,Букет из 101 розы 35-40 см (Россия) в пастельных тонах под ленту,4.8,5,49.0,7140.0,357,64,4.0,2,3,26
166,5301,Букет из 11 белых кустовых хризантем в стильной упаковке,4.9,742,11.0,4494.0,225,56,10.0,8,3,36
1237,2592,Букет цветов Ночь нежна,4.5,669,5.0,10750.0,538,23,14.5,10,2,16
346,5609,Букет из 11 матрикарий в стильной упаковке,4.8,188,11.0,3738.0,187,42,7.0,1,3,29
525,147,Хризантема Бакарди желтая,4.7,908,7.0,366.0,19,25,10.0,8,5,36
1170,3949,Букет из 35 белых кустовых хризантем Балтика в стильной упаковке,4.9,876,35.0,14617.625,732,64,10.0,8,2,36
249,3375,Букет цветов Лунная соната,4.6,711,2.0,3843.0,193,26,14.5,7,3,9
564,5637,Букет из 3 гербер стандарт с эвкалиптом в упаковке,4.2,185,3.0,2090.0,105,50,14.5,7,5,6
75,5045,Букет из 51 розы в пастельных тонах 35-40 см (Россия) в упаковке,4.6,137,49.0,6573.0,329,64,4.0,2,3,26
407,3256,Букет из гипсофил Седьмое небо,4.6,353,7.0,4195.0,210,30,9.0,1,3,8
804,2465,Букет цветов Наслаждение,5.0,879,9.0,7256.0,363,24,14.0,11,5,24
369,4197,Букет из 11 садовых ромашек и 5 маттиол в стильной пленке,4.7,402,11.0,6867.0,344,57,14.5,4,3,31
818,4139,Корзина цветов из 39 пионов с эвкалиптом,4.9,501,39.0,14617.625,732,40,14.0,11,5,24
1246,3227,Букет из 7 маттиол микс в дизайнерской упаковке,4.9,590,7.0,4066.0,204,47,7.0,11,2,21
667,27,Лизиантус белый,4.7,543,9.0,524.0,27,15,7.0,1,5,38
484,5093,Букет из 35 розовых пионов (Premium) под ленту,4.9,165,35.0,14617.625,732,46,4.0,11,3,23
1483,147,Хризантема Бакарди желтая,4.7,908,7.0,487.0,25,25,10.0,8,1,36
636,3625,Букет из 51 альстромерии яркий микс в  упаковке,4.8,398,49.0,10206.0,511,47,12.0,1,5,1
1094,4596,Букет из 25 гипсофил в коробке,5.0,278,25.0,10437.0,522,30,9.0,1,4,8
257,5263,Букет из 9 белых ориентальных лилий в упаковке,4.9,196,9.0,11424.0,572,46,5.0,11,3,20
1022,5160,Букет цветов Солнечный рай,4.9,197,25.0,9056.0,453,26,7.0,1,4,29
1160,4139,Корзина цветов из 39 пионов с эвкалиптом,4.9,501,39.0,14617.625,732,40,14.0,11,4,24
356,4284,Букет из 9 кустовых хризантем Сантини микс в стильной упаковке,4.5,359,9.0,3077.0,154,62,10.0,8,3,36
519,4656,Букет из 25 белых кустовых хризантем Сантини под ленту,5.0,1,25.0,5801.0,291,54,10.0,8,5,36
1183,2401,Букет из 49 кустовых хризантем Сантини микс в стильной упаковке,4.9,797,49.0,12037.0,602,63,10.0,8,2,36
639,3629,Букет цветов Забвение чувств,4.5,385,21.0,5009.0,251,28,12.0,1,5,1
984,3629,Букет цветов Забвение чувств,4.5,385,21.0,5009.0,251,28,12.0,1,4,1
724,2552,Фрезия микс,5.0,338,35.0,272.0,14,11,6.0,10,5,35
18,3527,Букет из 51 красной и белой розы микс 35-40 см (Кения) под ленту,4.7,714,49.0,3610.0,181,64,4.0,11,3,26
1375,4451,Букет из 25 тюльпанов стандарт микс под ленту,4.6,841,25.0,4697.0,235,45,7.0,1,1,33
255,3426,Букет из 5 белых ориентальных лилий в упаковке,4.8,663,5.0,6463.0,324,46,5.0,11,3,20
1400,3269,Букет из гипсофил Летний рассвет,4.7,395,9.0,5854.0,293,32,9.0,1,1,8
882,2795,Букет из 51 диантуса (гвоздики) нежный микс в дизайнерской упаковке,4.7,734,49.0,7854.0,393,67,8.0,8,4,2
747,3290,Букет из гипсофилы Облако любви,4.9,501,49.0,14617.625,732,31,9.0,1,5,8
57,3465,Букет из 51 красной розы 35-40 см (Кения) в стильной упаковке,4.9,754,49.0,7025.0,352,61,4.0,2,3,26
973,3208,Букет из 15 альстромерий нежный микс в стильной упаковке,4.5,723,15.0,3712.0,186,56,12.0,1,4,1
573,1977,Букет из 9 гербер стандарт микс в стильной упаковке с зеленью,5.0,388,9.0,3518.0,176,61,7.0,7,5,5
1077,2552,Фрезия микс,5.0,338,35.0,272.0,14,11,6.0,10,4,35
589,5263,Букет из 9 белых ориентальных лилий в упаковке,4.9,196,9.0,10385.0,520,46,5.0,11,5,20
796,5101,Букет цветов Лунная магия,4.6,166,5.0,4379.0,219,25,4.0,11,5,23
1084,3259,Букет из гипсофил Звездная пыль,4.7,503,19.0,9324.0,467,31,9.0,1,4,8
815,4735,Букет из 35 пионов (Premium) микс в стильной упаковке,4.8,420,35.0,14617.625,732,53,4.0,11,5,23
213,3976,Букет из 15 розовых гвоздик в стильной упаковке с зеленью,4.8,572,15.0,3623.0,182,57,8.0,8,3,2
932,36,Лилия азиатская микс,4.6,599,9.0,576.0,29,20,5.0,11,4,20
153,2003,Букет из 25 роз 40-50 см (Эквадор) premium с зеленью,4.9,602,25.0,8694.0,435,52,14.0,11,3,28
1380,2157,Букет цветов Романтический день,5.0,451,25.0,6524.0,327,31,7.0,1,1,33
831,3593,Букет из 35 кустовых хризантем микс в стильной упаковке,4.7,664,35.0,12143.0,608,55,10.0,8,4,36
1333,4572,Букет из 25 розовых тюльпанов стандарт под ленту,4.7,671,25.0,5018.0,251,48,7.0,1,2,33
388,5188,Букет из 7 красных гладиолусов под ленту,4.8,186,7.0,4271.0,214,40,9.0,3,3,11
1062,5636,Букет цветов Нежная осень,4.6,165,3.0,5933.0,297,25,14.5,8,4,12
603,36,Лилия азиатская микс,4.6,599,9.0,576.0,29,20,5.0,11,5,20
1264,3207,Букет из 35 альстромерий нежный микс в стильной упаковке,5.0,324,35.0,7322.0,367,56,12.0,1,2,1
71,5046,Букет из 25 роз в пастельных тонах 35-40 см (Россия) в упаковке,4.5,155,25.0,4652.0,233,63,4.0,2,3,26
709,2684,Букет цветов Начало урока,5.0,742,3.0,2157.0,108,25,9.0,3,5,11
1276,2086,Букет цветов Единственная,4.8,646,15.0,8856.0,443,25,7.0,1,2,38
223,13,Гвоздика белая,4.5,640,21.0,177.0,9,14,8.0,8,3,2
216,2748,Букет из 35 диантусов (гвоздик) микс в стильной упаковке,4.8,496,35.0,6542.0,328,56,8.0,8,3,2
649,3846,Букет цветов Доверие,4.7,506,35.0,6421.0,322,20,4.0,4,5,18
562,5638,Букет из 3 гербер стандарт микс в упаковке с зеленью,4.8,165,3.0,1943.0,98,52,7.0,7,5,5
734,4358,Букет из сухоцветов Лавандовое поле,4.6,575,3.0,4300.0,215,35,9.0,1,5,32
900,1965,Букет из 7 гербер стандарт микс в стильной упаковке с зеленью,4.9,516,7.0,2777.0,139,61,7.0,7,4,5
1095,3879,Букет из 15 нарциссов в стильной упаковке,4.8,84,15.0,3653.0,183,41,7.0,6,4,22
1101,4450,Букет из 15 тюльпанов стандарт микс под ленту,4.7,586,15.0,2930.0,147,45,7.0,1,4,33
202,5279,Букет цветов Любящее сердце,4.6,167,7.0,2121.0,107,27,8.0,8,3,2
1002,1849,Букет цветов Родимая,4.9,657,9.0,5345.0,268,20,7.0,1,4,38
855,3487,Хризантема Бакарди яркий микс,4.7,742,11.0,366.0,19,29,10.0,8,4,36
772,5437,Букет в шляпной коробке Весна,4.8,185,25.0,4295.0,215,29,7.0,1,5,33
914,47,Гербера стандарт яркий микс,4.7,672,13.0,261.0,14,27,7.0,7,4,5
866,3978,Букет из 25 белых гвоздик в стильной упаковке,4.7,513,25.0,4384.0,220,45,8.0,8,4,2
809,5526,Букет из пионов микс (Сара Бернар) под ленту   15 шт,4.8,185,15.0,9854.0,493,52,4.0,11,5,23
190,2947,Букет из 75 белых кустовых хризантем Сантини в стильной упаковке,4.6,531,49.0,14617.625,732,64,10.0,8,3,36
751,4596,Букет из 25 гипсофил в коробке,5.0,278,25.0,10437.0,522,30,9.0,1,5,8
1016,3492,Лизиантус нежный микс,4.9,546,13.0,524.0,27,21,7.0,1,4,38
1069,564,Гладиолусы микс,5.0,427,13.0,371.0,19,15,9.0,3,4,11
144,3741,Букет из 35 роз яркий микс premium 40-50 см (Эквадор) в стильной упаковке,4.9,460,35.0,10584.0,530,73,4.0,11,3,26
877,2748,Букет из 35 диантусов (гвоздик) микс в стильной упаковке,4.8,496,35.0,5948.0,298,56,8.0,8,4,2
73,3668,Букет цветов  Новые чувства,4.9,927,15.0,5297.0,265,27,4.0,11,3,26
114,5483,Букет из желтых роз 35-40 см (Россия) в упаковке    25 шт,4.6,160,25.0,4652.0,233,57,4.0,2,3,26
1363,2139,Букет из 51 тюльпана пионовидного розового в дизайнерской упаковке,4.9,804,49.0,14617.625,732,66,7.0,1,1,33
434,4574,Букет из 25 белых тюльпанов стандарт под ленту,4.6,869,25.0,4032.0,202,46,7.0,1,3,33
539,5303,Букет цветов Струны сердца,4.6,166,15.0,4090.0,205,26,8.0,8,5,2
1355,1046,Тюльпаны пионовидные розово- желтые,4.6,815,15.0,334.0,17,35,7.0,1,2,33
88,5476,Букет из белых и красных роз (Кения) 35-40 см в упаковке      11 шт,4.8,190,11.0,2720.0,136,67,4.0,11,3,26
681,5094,Букет цветов Летнее поле,4.5,147,10.0,5502.0,276,24,14.5,1,5,37
527,3484,Хризантема Бакарди белая,4.9,608,7.0,366.0,19,24,10.0,8,5,36
1462,132,Гербера мини яркий микс,4.6,351,35.0,250.0,13,23,7.0,7,1,5
497,5301,Букет из 11 белых кустовых хризантем в стильной упаковке,4.9,742,11.0,4085.0,205,56,10.0,8,5,36
408,3377,Букет из гипсофил Сияние,4.5,523,5.0,3344.0,168,24,9.0,1,3,8
119,3677,Букет из 15 красных роз premium 40-50 см (Эквадор) в стильной упаковке,4.7,955,15.0,5528.0,277,70,4.0,11,3,26
1102,5385,Букет из тюльпанов микс стандарт в упаковке      15 шт,4.5,165,15.0,3245.0,163,54,7.0,1,4,33
1446,2591,Букет цветов Пушистые облака,5.0,642,3.0,8269.0,414,28,9.0,10,1,13
1396,3256,Букет из гипсофил Седьмое небо,4.6,353,7.0,5073.0,254,30,9.0,1,1,8
1032,3735,Букет из 51 белой кустовой хризантемы Сантини в стильной упаковке,5.0,562,49.0,12348.0,618,65,10.0,8,4,36
108,4677,Букет из 51 розы 35-40 см (Россия) в пастельных тонах под ленту,5.0,385,49.0,4610.0,231,63,4.0,2,3,26
1120,4453,Букет из 51 тюльпанов стандарт микс под ленту,4.6,632,49.0,5345.0,268,45,7.0,1,4,33
784,4459,Букет цветов Яркие эмоции,4.7,919,49.0,7025.0,352,25,7.0,1,5,33
373,4615,Букет из 25 белых хризантем Сантини в коробке,4.7,105,25.0,7445.0,373,45,10.0,8,3,36
41,5647,Букет из 51 красной розы (Кения) 50 см под ленту,4.6,185,49.0,5160.0,258,48,4.0,11,3,26
2,4657,Букет из 25 альстромерий нежный микс под ленту,5.0,171,25.0,3820.0,191,46,12.0,1,3,1
785,3094,Букет из 101 тюльпана микс стандарт под ленту,4.5,641,49.0,7340.0,367,45,7.0,1,5,33
1166,3592,Букет из 25 кустовых хризантем микс в стильной упаковке,4.5,939,25.0,12289.0,615,55,10.0,8,2,36
743,3288,Букет из гипсофил Утренний иней,4.9,420,15.0,6652.0,333,31,9.0,1,5,8
205,3978,Букет из 25 белых гвоздик в стильной упаковке,4.7,513,25.0,4384.0,220,45,8.0,8,3,2
82,4675,Букет из 51 кремовой розы 35-40 см (Россия) под ленту,5.0,5,49.0,3610.0,181,53,4.0,2,3,26
1039,2947,Букет из 75 белых кустовых хризантем Сантини в стильной упаковке,4.6,531,49.0,14617.625,732,64,10.0,8,4,36
1419,2405,Букет из 15 кустовых хризантем Сантини микс в стильной упаковке,5.0,667,15.0,5244.0,263,63,10.0,8,1,36
1048,1799,Букет из 35 ромашек в стильной упаковке,4.9,397,35.0,9886.0,495,39,7.0,4,4,29
235,5708,Букет из 15 гербер стандарт микс в стильной упаковке с зеленью,4.8,185,15.0,5240.0,262,62,14.5,7,3,6
126,3947,Букет из 51 розы яркий микс 35-40 см (Россия) в стильной упаковке,4.7,629,49.0,6573.0,329,65,4.0,2,3,26
1385,3094,Букет из 101 тюльпана микс стандарт под ленту,4.5,641,49.0,14617.625,732,45,7.0,1,1,33
731,2777,Букет из сухоцветов Хлопковое поле,4.7,685,5.0,6156.0,308,34,9.0,1,5,32
243,1570,Букет из 11 гербер стандарт микс в стильной упаковке,4.8,715,11.0,3969.0,199,52,7.0,7,3,5
957,3479,Маттиола белая и бежевая,5.0,749,13.0,419.0,21,24,7.0,11,4,21
1000,4895,Букет экспресс Бесценная,4.9,656,9.0,5345.0,268,24,7.0,1,4,38
1243,3444,Гортензия зелёная,4.8,549,5.0,1854.0,93,17,9.0,10,2,13
279,4880,Букет цветов Легкий шарм,4.8,166,3.0,4389.0,220,24,9.0,10,3,13
328,3654,Букет из 5 розовых эустом в стильной упаковке,4.7,342,5.0,3460.0,173,45,7.0,1,3,38
1260,3641,Букет цветов Звезда,4.7,370,5.0,1974.0,99,19,12.0,1,2,1
355,3735,Букет из 51 белой кустовой хризантемы Сантини в стильной упаковке,5.0,562,49.0,13582.0,680,65,10.0,8,3,36
1356,1052,Тюльпаны пионовидные розовые,4.6,842,15.0,334.0,17,28,7.0,1,2,33
1098,2044,Букет цветов Родная,4.8,856,9.0,1838.0,92,19,7.0,1,4,33
1453,34,Лилия азиатская оранжевая,4.6,584,11.0,643.0,33,25,5.0,11,1,20
1422,2947,Букет из 75 белых кустовых хризантем Сантини в стильной упаковке,4.6,531,49.0,14617.625,732,64,10.0,8,1,36
997,3650,Букет цветов Спокойствие,5.0,667,9.0,2006.0,101,24,4.0,4,4,18
1154,4734,Букет из 25 розовых пионов (Premium) в стильной упаковке,5.0,165,25.0,14617.625,732,56,4.0,11,4,23
26,2508,Букет из 51 розы нежный микс 35-40 см (Россия) под атласную ленту,5.0,623,49.0,3610.0,181,65,4.0,2,3,26
1358,5386,Букет из пионовидных тюльпанов микс в упаковке     15 шт,4.6,165,15.0,5107.0,256,56,7.0,1,1,33
1341,4453,Букет из 51 тюльпанов стандарт микс под ленту,4.6,632,49.0,9416.0,471,45,7.0,1,2,33
452,2159,Букет цветов Сладкий шепот,4.5,538,49.0,6573.0,329,26,7.0,1,3,33
129,3941,Букет из 51 малиновой розы 35-40 см (Россия) в стильной упаковке,4.9,808,49.0,7025.0,352,64,4.0,2,3,26
987,3541,Альстромерия желтая,4.6,503,11.0,219.0,11,19,12.0,1,4,1
389,5198,Букет цветов Прекрасная пора,4.7,176,5.0,3796.0,190,28,9.0,3,3,11
885,3538,Гвоздика зелёная,5.0,451,21.0,167.0,9,16,8.0,8,4,2
1015,30,Лизиантус микс,4.5,429,13.0,524.0,27,14,7.0,1,4,38
847,2401,Букет из 49 кустовых хризантем Сантини микс в стильной упаковке,4.9,797,49.0,11697.0,585,63,10.0,8,4,36
154,2509,Букет из 9 красных высоких роз premium 60-70 см (Эквадор) в стильной упаковке,4.5,771,9.0,4631.0,232,77,4.0,11,3,26
1359,5422,Букет из белых тюльпанов стандарт в упаковке   25 шт,4.8,198,25.0,6257.0,313,52,7.0,1,1,33
1192,402,Сантини сиреневая,4.6,816,15.0,331.0,17,17,10.0,8,2,36
437,4451,Букет из 25 тюльпанов стандарт микс под ленту,4.6,841,25.0,4032.0,202,45,7.0,1,3,33
268,35,Лилия азиатская белая,4.7,659,9.0,587.0,30,21,5.0,11,3,20
104,4697,Букет из 51 красной и белой розы 35-40 см (Россия) под ленту,5.0,2,49.0,4610.0,231,60,4.0,2,3,26
1471,131,Гвоздика кустовая микс,4.8,555,35.0,203.0,11,22,14.5,8,1,3
488,4139,Корзина цветов из 39 пионов с эвкалиптом,4.9,501,39.0,14617.625,732,40,14.0,11,3,24
504,5049,Букет из 21 хризантемы Бакарди в стильной упаковке,4.6,165,21.0,7434.0,372,50,10.0,8,5,36
1055,141,Подсолнух,4.8,421,6.0,524.0,27,9,9.0,9,4,25
178,3734,Букет из 25 белых кустовых хризантем Сантини в стильной упаковке,4.5,820,25.0,7077.0,354,64,10.0,8,3,36
1135,5498,Букет цветов Скромное обаяние,4.8,159,5.0,3670.0,184,29,4.0,11,4,23
170,3582,Букет из 7 белых кустовых хризантем в стильной упаковке,4.9,558,7.0,3108.0,156,55,10.0,8,3,36
662,3655,Букет из 7 белых эустом в стильной упаковке,4.7,377,7.0,4195.0,210,43,7.0,1,5,38
1261,3390,Букет цветов Мечта,4.5,501,5.0,1974.0,99,18,12.0,1,2,1
765,4607,Букет из 25 красных тюльпанов стандарт под ленту,4.8,938,25.0,3665.0,184,48,7.0,1,5,33
1023,5609,Букет из 11 матрикарий в стильной упаковке,4.8,188,11.0,3402.0,171,42,7.0,1,4,29
1067,5187,Букет из 11 белых гладиолусов под ленту,4.5,166,11.0,5235.0,262,39,9.0,3,4,11
577,3972,Букет из 25 мини гербер микс в стильной упаковке,4.8,387,25.0,5119.0,256,48,7.0,7,5,5
1270,3651,Букет цветов Натура,4.8,614,11.0,3109.0,156,19,4.0,4,2,18
540,3979,Букет из 25 розовых и белых гвоздик в стильной упаковке,5.0,315,25.0,2990.0,150,55,8.0,8,5,2
293,957,Букет из 79 альстромерий микс в стильной упаковке,4.5,613,49.0,14617.625,732,49,12.0,1,3,1
646,4617,Букет из альстромерий нежный микс в коробке,4.6,179,25.0,6731.0,337,43,12.0,1,5,1
644,3539,Альстромерия фиолетовая,4.6,592,9.0,219.0,11,23,12.0,1,5,1
910,3375,Букет цветов Лунная соната,4.6,711,2.0,3497.0,175,26,14.5,7,4,9
1412,2552,Фрезия микс,5.0,338,35.0,308.0,16,11,6.0,10,1,35
402,3422,Букет из сухоцветов Розовая пантера,4.6,320,5.0,11826.0,592,35,9.0,1,3,32
1172,3587,Букет из 15 белых кустовых хризантем в стильной упаковке,4.9,820,15.0,7755.0,388,56,10.0,8,2,36
1096,3880,Букет из 25 нарциссов в стильной упаковке,4.7,57,25.0,5831.0,292,41,7.0,6,4,22
143,1996,Букет из 35 малиновых роз 40-50 см (Эквадор) в упаковке,4.6,923,35.0,10584.0,530,55,4.0,11,3,26
336,3491,Лизиантус сиреневый,4.8,607,9.0,534.0,27,19,7.0,1,3,38
1176,3589,Букет из 19 кустовых хризантем микс в стильной упаковке,4.7,889,19.0,9507.0,476,55,10.0,8,2,36
1130,3095,Букет цветов Важный шаг,4.8,425,49.0,8075.0,404,23,7.0,1,4,33
905,1863,Букет цветов Клубничный сорбет,5.0,672,15.0,3848.0,193,30,7.0,7,4,5
117,3506,Букет из 35 белых роз 35-40 см (Кения) в стильной упаковке,4.6,514,35.0,5303.0,266,58,4.0,11,3,26
834,5049,Букет из 21 хризантемы Бакарди в стильной упаковке,4.6,165,21.0,7434.0,372,50,10.0,8,4,36
683,2004,Букет из 35 матрикарий в дизайнерской упаковке,4.9,630,35.0,9991.0,500,46,7.0,1,5,29
928,3417,Лилия ориентальная нежный микс,4.8,570,11.0,1049.0,53,30,5.0,11,4,20
1350,2127,Букет из 101 розового тюльпана стандарт в дизайнерской упаковке,4.7,707,49.0,14617.625,732,63,7.0,1,2,33
60,3749,Букет цветов Дорогая,4.8,812,5.0,2363.0,119,20,4.0,11,3,26
919,5264,Букет из 11 белых ориентальных лилий в упаковке,4.9,163,11.0,12380.0,619,47,5.0,11,4,20
651,3649,Букет цветов Забота,4.9,591,7.0,1628.0,82,19,4.0,4,5,18
682,5095,Букет цветов Ночной порыв,4.6,166,15.0,6867.0,344,25,13.0,4,5,19
232,5637,Букет из 3 гербер стандарт с эвкалиптом в упаковке,4.2,185,3.0,2247.0,113,50,14.5,7,3,6
1302,3377,Букет из гипсофил Сияние,4.5,523,5.0,3368.0,169,24,9.0,1,2,8
475,5493,Букет цветов Грация лета,4.7,196,9.0,8017.0,401,24,4.0,11,3,23
1473,2396,Букет из 5 кустовых хризантем Балтика микс в стильной упаковке,4.7,920,5.0,3621.0,182,62,10.0,8,1,36
409,4892,Букет экспресс Воздушная,4.5,520,5.0,3344.0,168,24,9.0,1,3,8
702,561,Букет из 15 подсолнухов под ленту,4.8,559,15.0,8279.0,414,33,9.0,9,5,25
1381,4606,Букет из 51 тюльпана стандарт яркий микс под ленту,5.0,791,49.0,9245.0,463,50,7.0,1,1,33
476,5099,Букет цветов Робкая надежда,4.7,175,11.0,9230.0,462,27,4.0,11,3,23
47,5704,Букет из 15 кремовых роз 35-40 см (Россия) под атласную ленту,4.6,165,15.0,2939.0,147,61,4.0,2,3,26
127,2153,Букет из 15 premium роз 60-70 см микс (Эквадор) в упаковке,4.7,689,15.0,6626.0,332,58,4.0,11,3,26
1081,4892,Букет экспресс Воздушная,4.5,520,5.0,3040.0,152,24,9.0,1,4,8
399,3482,Фрезия фиолетовая,4.5,426,21.0,282.0,15,17,6.0,10,3,35
641,2969,Альстромерия нежный микс,4.9,672,15.0,219.0,11,24,12.0,1,5,1
1182,2395,Букет из 25 кустовых хризантем Сантини микс в стильной упаковке,4.5,635,25.0,6640.0,332,63,10.0,8,2,36
329,3655,Букет из 7 белых эустом в стильной упаковке,4.7,377,7.0,4615.0,231,43,7.0,1,3,38
961,4657,Букет из 25 альстромерий нежный микс под ленту,5.0,171,25.0,3490.0,175,46,12.0,1,4,1
1317,5424,Букет из желтых тюльпанов стандарт в упаковке   25 шт,4.8,189,25.0,5227.0,262,53,7.0,1,2,33
673,5554,Букет из 5 хризантем Бакарди в стильной упаковке,4.8,188,5.0,1880.0,94,48,10.0,8,5,36
767,4451,Букет из 25 тюльпанов стандарт микс под ленту,4.6,841,25.0,3665.0,184,45,7.0,1,5,33
20,3528,Букет из 101 красной и белой розы микс 35-40 см (Кения) под ленту,4.9,691,49.0,7140.0,357,65,4.0,11,3,26
253,47,Гербера стандарт яркий микс,4.7,672,13.0,272.0,14,27,7.0,7,3,5
858,77,Хризантема кустовая белая,4.9,540,11.0,366.0,19,25,10.0,8,4,36
204,3981,Букет из 51 розовой и белой гвоздики в стильной упаковке,4.5,413,49.0,5490.0,275,56,8.0,8,3,2
514,3594,Букет из 51 кустовой хризантемы микс в стильной упаковке,5.0,766,49.0,14617.625,732,56,10.0,8,5,36
201,3982,Букет из 25 розовых гвоздик в стильной упаковке,4.7,599,25.0,3290.0,165,47,8.0,8,3,2
320,3650,Букет цветов Спокойствие,5.0,667,9.0,2216.0,111,24,4.0,4,3,18
238,5044,Букет из 9 гербер стандарт микс в стильной упаковке,4.3,164,9.0,3281.0,165,51,7.0,7,3,5
696,2947,Букет из 75 белых кустовых хризантем Сантини в стильной упаковке,4.6,531,49.0,14617.625,732,64,10.0,8,5,36
251,132,Гербера мини яркий микс,4.6,351,35.0,219.0,11,23,7.0,7,3,5
266,3415,Лилия ориентальная розовая,4.7,356,9.0,1154.0,58,26,5.0,11,3,20
1116,5440,Букет в шляпной коробке из 35 тюльпанов стандарт микс,4.8,185,35.0,5345.0,268,53,7.0,1,4,33
940,4880,Букет цветов Легкий шарм,4.8,166,3.0,3980.0,199,24,9.0,10,4,13
125,3123,Букет из 51 белых роз 35-40 см (Кения) в стильной упаковке,4.7,748,49.0,6573.0,329,58,4.0,11,3,26
660,3653,Букет из 5 белых эустом в стильной упаковке,4.5,671,5.0,3145.0,158,43,7.0,1,5,38
600,35,Лилия азиатская белая,4.7,659,9.0,576.0,29,21,5.0,11,5,20
778,4453,Букет из 51 тюльпанов стандарт микс под ленту,4.6,632,49.0,5345.0,268,45,7.0,1,5,33
1127,3094,Букет из 101 тюльпана микс стандарт под ленту,4.5,641,49.0,7340.0,367,45,7.0,1,4,33
685,5049,Букет из 21 хризантемы Бакарди в стильной упаковке,4.6,165,21.0,7434.0,372,50,10.0,8,5,36
853,78,Сантини микс,5.0,944,15.0,240.0,12,12,10.0,8,4,36
621,4987,Букет из 15 альстромерий микс под ленту,5.0,166,15.0,2990.0,150,39,3.0,1,5,36
874,3976,Букет из 15 розовых гвоздик в стильной упаковке с зеленью,4.8,572,15.0,3292.0,165,57,8.0,8,4,2
14,1680,Букет из 25 гербер стандарт микс в стильной упаковке,4.8,530,25.0,5965.0,299,52,7.0,7,3,5
1226,3413,Букет из 11 лилий азиатских микс в стильной упаковке,4.5,359,11.0,7468.0,374,52,5.0,11,2,20
968,3627,Букет из 35 альстромерий яркий микс в  упаковке,4.8,497,35.0,7523.0,377,47,12.0,1,4,1
323,4895,Букет экспресс Бесценная,4.9,656,9.0,5870.0,294,24,7.0,1,3,38
978,4832,Букет цветов Теплые воспоминания,5.0,1,19.0,4610.0,231,32,12.0,1,4,1
671,30,Лизиантус микс,4.5,429,13.0,524.0,27,14,7.0,1,5,38
139,2884,Букет из 101 кремовой розы 35-40 см (Россия) в стильной упаковке,4.5,892,49.0,10269.0,514,64,4.0,2,3,26
40,5475,Букет из красных и розовых роз (Кения) 35-40 см под ленту     15 шт,4.8,192,15.0,3103.0,156,67,4.0,11,3,26
541,5047,Букет из 9 розовых и белых гвоздик в стильной упаковке,4.3,164,9.0,1922.0,97,54,8.0,8,5,2
1326,4457,Букет цветов Прилив чувств,5.0,813,9.0,2970.0,149,26,7.0,1,2,33
357,2405,Букет из 15 кустовых хризантем Сантини микс в стильной упаковке,5.0,667,15.0,4604.0,231,63,10.0,8,3,36
161,2396,Букет из 5 кустовых хризантем Балтика микс в стильной упаковке,4.7,920,5.0,2426.0,122,62,10.0,8,3,36
468,2559,Букет цветов Восторг,5.0,714,5.0,4972.0,249,20,14.0,11,3,24
717,2581,Букет из 15 фрезий микс в стильной упаковке,4.9,328,15.0,4709.0,236,43,6.0,10,5,35
563,3953,Букет из 7 белых мини гербер в стильной упаковке с зеленью,4.7,733,7.0,2252.0,113,58,7.0,7,5,5
955,4233,Букет из 25 маттиол микс в стильной упаковке,4.6,393,25.0,11419.0,571,44,7.0,11,4,21
1347,2136,Букет цветов Твоя фантазия,4.8,579,49.0,13367.0,669,26,7.0,1,2,33
569,5043,Букет из 5 гербер стандарт микс в стильной упаковке,4.2,171,5.0,1733.0,87,51,7.0,7,5,5
260,4902,Букет экспресс Вдохновляющая,4.8,662,3.0,4158.0,208,28,5.0,11,3,20
1007,3656,Букет из 7 розовых эустом в стильной упаковке,4.6,436,7.0,4195.0,210,45,7.0,1,4,38
1287,3734,Букет из 25 белых кустовых хризантем Сантини в стильной упаковке,4.5,820,25.0,6640.0,332,64,10.0,8,2,36
1228,79,Лилия ориентальная белая,4.6,489,9.0,1172.0,59,24,5.0,11,2,20
393,2581,Букет из 15 фрезий микс в стильной упаковке,4.9,328,15.0,5182.0,260,43,6.0,10,3,35
857,49,Хризантема кустовая фиолетовая,4.6,749,5.0,366.0,19,30,10.0,8,4,36
1020,5159,Букет цветов Летний сад,4.6,166,11.0,4400.0,220,23,7.0,1,4,29
431,4461,Букет в шляпной коробке Мягкая   S,4.8,428,15.0,3686.0,185,34,7.0,1,3,33
1296,32,Матрикария,4.8,391,19.0,263.0,14,10,7.0,1,2,29
862,3982,Букет из 25 розовых гвоздик в стильной упаковке,4.7,599,25.0,2990.0,150,47,8.0,8,4,2
1353,97,Тюльпаны малиновые,4.8,536,15.0,238.0,12,18,7.0,1,2,33
1009,1972,Букет из 21 лизиантуса микс в упаковке,4.5,334,21.0,11844.0,593,38,7.0,1,4,38
482,4734,Букет из 25 розовых пионов (Premium) в стильной упаковке,5.0,165,25.0,14617.625,732,56,4.0,11,3,23
1178,3591,Букет из 29 кустовых хризантем нежный микс в стильной упаковке,4.9,857,29.0,14040.0,702,62,10.0,8,2,36
1014,28,Лизиантус фиолетовый,4.6,472,9.0,524.0,27,20,7.0,1,4,38
337,28,Лизиантус фиолетовый,4.6,472,9.0,534.0,27,20,7.0,1,3,38
181,3735,Букет из 51 белой кустовой хризантемы Сантини в стильной упаковке,5.0,562,49.0,13582.0,680,65,10.0,8,3,36
1399,3255,Букет из гипсофил Звёздная дымка,5.0,490,25.0,14617.625,732,32,9.0,1,1,8
1027,2004,Букет из 35 матрикарий в дизайнерской упаковке,4.9,630,35.0,9991.0,500,46,7.0,1,4,29
307,3629,Букет цветов Забвение чувств,4.5,385,21.0,5507.0,276,28,12.0,1,3,1
1387,3095,Букет цветов Важный шаг,4.8,425,49.0,14617.625,732,23,7.0,1,1,33
634,4832,Букет цветов Теплые воспоминания,5.0,1,19.0,4610.0,231,32,12.0,1,5,1
1320,4613,Букет из 51 красного тюльпана стандарт под ленту,4.6,932,49.0,9649.0,483,48,7.0,1,2,33
779,5441,Букет в шляпной коробке из 51 тюльпана стандарт микс,4.9,189,49.0,5975.0,299,52,7.0,1,5,33
756,2044,Букет цветов Родная,4.8,856,9.0,1838.0,92,19,7.0,1,5,33
833,3949,Букет из 35 белых кустовых хризантем Балтика в стильной упаковке,4.9,876,35.0,12143.0,608,64,10.0,8,4,36
1134,5068,Букет цветов Первая любовь,4.7,156,5.0,3670.0,184,26,4.0,11,4,23
1337,4452,Букет из 35 тюльпанов стандарт микс под ленту,4.9,883,35.0,6798.0,340,45,7.0,1,2,33
3,3265,Букет из 101 розы яркий микс 35-40 см (Кения),5.0,812,49.0,7140.0,357,45,4.0,11,3,26
444,5440,Букет в шляпной коробке из 35 тюльпанов стандарт микс,4.8,185,35.0,5870.0,294,53,7.0,1,3,33
1230,33,Лилия азиатская желтая,4.6,566,9.0,585.0,30,22,5.0,11,2,20
334,27,Лизиантус белый,4.7,543,9.0,534.0,27,15,7.0,1,3,38
1449,1328,Гортензия синяя,4.8,597,5.0,1999.0,100,15,9.0,10,1,13
147,2082,Букет из 51 белой розы premium 40-50 см (Эквадор) в модной упаковке,5.0,603,49.0,14617.625,732,67,4.0,11,3,26
179,3589,Букет из 19 кустовых хризантем микс в стильной упаковке,4.7,889,19.0,7371.0,369,55,10.0,8,3,36
1109,4451,Букет из 25 тюльпанов стандарт микс под ленту,4.6,841,25.0,3665.0,184,45,7.0,1,4,33
133,1713,Букет из 101 розы нежный микс 35-40 см (Кения)  под ленту,5.0,890,49.0,9230.0,462,57,4.0,11,3,26
1253,4234,Букет из 51 маттиолы микс в стильной упаковке,4.6,337,49.0,14617.625,732,45,7.0,11,2,21
341,542,Букет из 15 матрикарий в стильной упаковке,4.5,331,15.0,5240.0,262,42,7.0,1,3,29
1329,4451,Букет из 25 тюльпанов стандарт микс под ленту,4.6,841,25.0,3990.0,200,45,7.0,1,2,33
599,3417,Лилия ориентальная нежный микс,4.8,570,11.0,1049.0,53,30,5.0,11,5,20
290,5251,Букет из 101 альстромерии микс под ленту,4.6,168,49.0,11990.0,600,40,12.0,1,3,1
404,2777,Букет из сухоцветов Хлопковое поле,4.7,685,5.0,7783.0,390,34,9.0,1,3,32
1451,35,Лилия азиатская белая,4.7,659,9.0,643.0,33,21,5.0,11,1,20
993,3651,Букет цветов Натура,4.8,614,11.0,2489.0,125,19,4.0,4,4,18
626,3641,Букет цветов Звезда,4.7,370,5.0,1517.0,76,19,12.0,1,5,1
958,1408,Маттиола нежный микс,4.7,606,15.0,419.0,21,20,7.0,11,4,21
406,3396,Букет из гипсофил Росинка,4.7,608,5.0,2930.0,147,25,9.0,1,3,8
498,3586,Букет из 11 кустовых хризантем микс в стильной упаковке,4.9,742,11.0,4085.0,205,55,10.0,8,5,36
449,5441,Букет в шляпной коробке из 51 тюльпана стандарт микс,4.9,189,49.0,6573.0,329,52,7.0,1,3,33
164,3583,Букет из 7 кустовых хризантем микс в стильной упаковке,4.5,912,7.0,3108.0,156,54,10.0,8,3,36
1070,2581,Букет из 15 фрезий микс в стильной упаковке,4.9,328,15.0,4709.0,236,43,6.0,10,4,35
835,3580,Букет из 5 белых кустовых хризантем в стильной упаковке,4.6,530,5.0,2200.0,110,55,10.0,8,4,36
1164,3585,Букет из 9 белых кустовых хризантем в стильной упаковке,4.8,691,9.0,4826.0,242,55,10.0,8,2,36
327,3653,Букет из 5 белых эустом в стильной упаковке,4.5,671,5.0,3460.0,173,43,7.0,1,3,38
296,3208,Букет из 15 альстромерий нежный микс в стильной упаковке,4.5,723,15.0,4085.0,205,56,12.0,1,3,1
84,4643,Букет из 101 розы 35-40 см (Россия) в пастельных тонах под ленту,4.8,5,49.0,7140.0,357,64,4.0,2,3,26
417,3268,Букет из гипсофил Созвездие любви,4.8,567,15.0,8185.0,410,33,9.0,1,3,8
608,4885,Букет цветов Твои объятия,4.7,186,1.0,1985.0,100,25,14.5,10,5,15
367,5122,Букет цветов Вечерний сад,4.6,166,9.0,5864.0,294,25,14.5,4,3,30
450,4449,Букет из 51 тюльпана стандарт микс в упаковке,4.8,501,49.0,6573.0,329,45,7.0,1,3,33
345,5160,Букет цветов Солнечный рай,4.9,197,25.0,9965.0,499,26,7.0,1,3,29
732,4361,Букет из сухоцветов Пурпурный  жемчуг,4.9,443,3.0,3633.0,182,37,9.0,1,5,32
517,2395,Букет из 25 кустовых хризантем Сантини микс в стильной упаковке,4.5,635,25.0,6431.0,322,63,10.0,8,5,36
229,4960,Букет экспресс Значительная,4.9,513,7.0,2363.0,119,27,7.0,7,3,5
312,3539,Альстромерия фиолетовая,4.6,592,9.0,230.0,12,23,12.0,1,3,1
516,2405,Букет из 15 кустовых хризантем Сантини микс в стильной упаковке,5.0,667,15.0,4184.0,210,63,10.0,8,5,36
106,4700,Букет из 51 красной махровой розы 35-40 см (Россия) под атласную ленту,5.0,367,49.0,4610.0,231,70,4.0,2,3,26
1300,3396,Букет из гипсофил Росинка,4.7,608,5.0,3000.0,150,25,9.0,1,2,8
234,1680,Букет из 25 гербер стандарт микс в стильной упаковке,4.8,530,25.0,5965.0,299,52,7.0,7,3,5
1189,49,Хризантема кустовая фиолетовая,4.6,749,5.0,438.0,22,30,10.0,8,2,36
311,3540,Альстромерия красная,4.9,659,9.0,230.0,12,20,12.0,1,3,1
22,3979,Букет из 25 розовых и белых гвоздик в стильной упаковке,5.0,315,25.0,3290.0,165,55,8.0,8,3,2
500,3593,Букет из 35 кустовых хризантем микс в стильной упаковке,4.7,664,35.0,12143.0,608,55,10.0,8,5,36
54,4822,Букет из 101 красной розы (Россия) под ленту 35-40 см,5.0,2,49.0,13178.0,659,53,4.0,2,3,26
1478,2947,Букет из 75 белых кустовых хризантем Сантини в стильной упаковке,4.6,531,49.0,14617.625,732,64,10.0,8,1,36
131,4644,Букет из 101 белой и розовой розы 35-40 см (Россия) под ленту,5.0,75,49.0,9230.0,462,61,4.0,2,3,26
1147,5493,Букет цветов Грация лета,4.7,196,9.0,7287.0,365,24,4.0,11,4,23
799,5336,Букет цветов Сладкая улыбка,4.7,185,7.0,5240.0,262,27,4.0,11,5,23
1179,3594,Букет из 51 кустовой хризантемы микс в стильной упаковке,5.0,766,49.0,14617.625,732,56,10.0,8,2,36
592,4902,Букет экспресс Вдохновляющая,4.8,662,3.0,4615.0,231,28,5.0,11,5,20
865,3981,Букет из 51 розовой и белой гвоздики в стильной упаковке,4.5,413,49.0,4990.0,250,56,8.0,8,4,2
856,3484,Хризантема Бакарди белая,4.9,608,7.0,366.0,19,24,10.0,8,4,36
1011,27,Лизиантус белый,4.7,543,9.0,524.0,27,15,7.0,1,4,38
304,3625,Букет из 51 альстромерии яркий микс в  упаковке,4.8,398,49.0,11225.0,562,47,12.0,1,3,1
454,4459,Букет цветов Яркие эмоции,4.7,919,49.0,7728.0,387,25,7.0,1,3,33
1379,2125,Букет цветов Любящий взгляд,4.7,410,25.0,6524.0,327,27,7.0,1,1,33
1428,1972,Букет из 21 лизиантуса микс в упаковке,4.5,334,21.0,14044.0,703,38,7.0,1,1,38
902,1977,Букет из 9 гербер стандарт микс в стильной упаковке с зеленью,5.0,388,9.0,3518.0,176,61,7.0,7,4,5
594,3413,Букет из 11 лилий азиатских микс в стильной упаковке,4.5,359,11.0,7077.0,354,52,5.0,11,5,20
701,555,Букет цветов Бескрайние поля,4.7,662,7.0,5927.0,297,28,9.0,9,5,25
1223,3410,Букет из 3 лилий азиатских в дизайнерской упаковке,4.9,474,3.0,2635.0,132,50,5.0,11,2,20
794,2468,Букет из 5 белых пионов (Premium) в дизайнерской упаковке,4.7,849,5.0,3985.0,200,57,14.0,11,5,24
1348,4459,Букет цветов Яркие эмоции,4.7,919,49.0,13367.0,669,25,7.0,1,2,33
395,2582,Букет из 25 фрезий микс в дизайнерской упаковке,4.9,462,25.0,8285.0,415,47,6.0,10,3,35
185,2395,Букет из 25 кустовых хризантем Сантини микс в стильной упаковке,4.5,635,25.0,7077.0,354,63,10.0,8,3,36
1427,2086,Букет цветов Единственная,4.8,646,15.0,10422.0,522,25,7.0,1,1,38
1083,3289,Букет из гипсофил Мерцание луны,4.8,557,25.0,8899.0,445,31,9.0,1,4,8
512,3591,Букет из 29 кустовых хризантем нежный микс в стильной упаковке,4.9,857,29.0,10049.0,503,62,10.0,8,5,36
215,2751,Букет из 25 диантусов микс с зеленью в дизайнерской упаковке,4.7,342,25.0,5807.0,291,60,8.0,8,3,2
840,3589,Букет из 19 кустовых хризантем микс в стильной упаковке,4.7,889,19.0,6699.0,335,55,10.0,8,4,36
1181,2405,Букет из 15 кустовых хризантем Сантини микс в стильной упаковке,5.0,667,15.0,4453.0,223,63,10.0,8,2,36
889,131,Гвоздика кустовая микс,4.8,555,35.0,167.0,9,22,14.5,8,4,3
657,4894,Букет экспресс Добрая,4.7,345,5.0,3145.0,158,21,7.0,1,5,38
999,1679,Букет из 51 синего ириса под ленту,4.7,695,49.0,7760.0,388,34,4.0,4,4,18
1254,1408,Маттиола нежный микс,4.7,606,15.0,418.0,21,20,7.0,11,2,21
283,4881,Букет цветов Жемчужина моря,4.9,197,1.0,2079.0,104,27,9.0,10,3,13
916,3426,Букет из 5 белых ориентальных лилий в упаковке,4.8,663,5.0,5875.0,294,46,5.0,11,4,20
661,3654,Букет из 5 розовых эустом в стильной упаковке,4.7,342,5.0,3145.0,158,45,7.0,1,5,38
505,3580,Букет из 5 белых кустовых хризантем в стильной упаковке,4.6,530,5.0,2200.0,110,55,10.0,8,5,36
566,1680,Букет из 25 гербер стандарт микс в стильной упаковке,4.8,530,25.0,3990.0,200,52,7.0,7,5,5
1292,2401,Букет из 49 кустовых хризантем Сантини микс в стильной упаковке,4.9,797,49.0,12037.0,602,63,10.0,8,2,36
1219,47,Гербера стандарт яркий микс,4.7,672,13.0,293.0,15,27,7.0,7,2,5
1360,5424,Букет из желтых тюльпанов стандарт в упаковке   25 шт,4.8,189,25.0,6257.0,313,53,7.0,1,1,33
612,4955,Букет цветов Причина любви,4.6,183,3.0,4253.0,213,26,9.0,10,5,13
182,3594,Букет из 51 кустовой хризантемы микс в стильной упаковке,5.0,766,49.0,14617.625,732,56,10.0,8,3,36
46,5362,Букет цветов Улыбка любимой    S,5.0,3,9.0,1607.0,81,32,4.0,11,3,26
864,5280,Букет цветов Гармония нежности,4.7,171,11.0,3381.0,170,30,8.0,8,4,2
851,2947,Букет из 75 белых кустовых хризантем Сантини в стильной упаковке,4.6,531,49.0,14617.625,732,64,10.0,8,4,36
1028,2156,Букет из 49 матрикарий в дизайнерской упаковке,4.7,492,49.0,13766.0,689,46,7.0,1,4,29
1072,2582,Букет из 25 фрезий микс в дизайнерской упаковке,4.9,462,25.0,7534.0,377,47,6.0,10,4,35
904,1570,Букет из 11 гербер стандарт микс в стильной упаковке,4.8,715,11.0,3612.0,181,52,7.0,7,4,5
435,4607,Букет из 25 красных тюльпанов стандарт под ленту,4.8,938,25.0,4032.0,202,48,7.0,1,3,33
375,555,Букет цветов Бескрайние поля,4.7,662,7.0,6521.0,327,28,9.0,9,3,25
635,3207,Букет из 35 альстромерий нежный микс в стильной упаковке,5.0,324,35.0,7523.0,377,56,12.0,1,5,1
565,1881,Букет из 15 гербер стандарт микс в стильной упаковке,4.5,536,15.0,2890.0,145,52,7.0,7,5,5
1060,2684,Букет цветов Начало урока,5.0,742,3.0,1951.0,98,25,9.0,3,4,11
93,5487,Букет из 15 красных роз (Россия) в упаковке  35-40 см,4.7,169,15.0,3276.0,164,53,4.0,2,3,26
130,1875,Букет из 21 малиновых роз 40-50 см (Эквадор) с рускусом,4.7,943,21.0,7718.0,386,55,4.0,11,3,26
921,4902,Букет экспресс Вдохновляющая,4.8,662,3.0,4615.0,231,28,5.0,11,4,20
714,5188,Букет из 7 красных гладиолусов под ленту,4.8,186,7.0,3887.0,195,40,9.0,3,5,11
1352,153,Тюльпаны белые,4.9,657,15.0,238.0,12,14,7.0,1,2,33
1218,680,Гербера стандарт нежный микс,4.9,523,13.0,293.0,15,28,7.0,7,2,5
321,26,Ирисы синие,4.6,619,19.0,198.0,10,11,4.0,4,3,18
499,3592,Букет из 25 кустовых хризантем микс в стильной упаковке,4.5,939,25.0,8794.0,440,55,10.0,8,5,36
1129,2127,Букет из 101 розового тюльпана стандарт в дизайнерской упаковке,4.7,707,49.0,8075.0,404,63,7.0,1,4,33
850,3951,Букет из 51 белой кустовой хризантемы Балтика в стильной упаковке,5.0,748,49.0,14617.625,732,65,10.0,8,4,36
758,4457,Букет цветов Прилив чувств,5.0,813,9.0,2216.0,111,26,7.0,1,5,33
1288,3735,Букет из 51 белой кустовой хризантемы Сантини в стильной упаковке,5.0,562,49.0,12609.0,631,65,10.0,8,2,36
1369,2059,Букет из 25 пионовидных розовых тюльпанов в розовой упаковке,4.5,609,25.0,12676.0,634,60,7.0,1,1,33
1343,2126,Букет цветов Роскошь,4.6,955,49.0,9940.0,497,20,7.0,1,2,33
789,5067,Букет цветов Каприз,4.7,137,3.0,2410.0,121,19,4.0,11,5,23
1088,3269,Букет из гипсофил Летний рассвет,4.7,395,9.0,4904.0,246,32,9.0,1,4,8
292,3634,Букет цветов Безмятежность,4.7,485,11.0,3455.0,173,26,12.0,1,3,1
1450,79,Лилия ориентальная белая,4.6,489,9.0,1271.0,64,24,5.0,11,1,20
12,4987,Букет из 15 альстромерий микс под ленту,5.0,166,15.0,3390.0,170,39,12.0,1,3,1
1064,5189,Букет из 25 белых гладиолусов микс в стильной упаковке,4.9,196,25.0,12260.0,613,54,9.0,3,4,11
805,5493,Букет цветов Грация лета,4.7,196,9.0,7287.0,365,24,4.0,11,5,23
631,1966,Букет цветов Нежный лик,5.0,508,19.0,4610.0,231,23,12.0,1,5,1
1244,1327,Гортензия розовая,5.0,712,5.0,1854.0,93,17,9.0,10,2,13
459,5067,Букет цветов Каприз,4.7,137,3.0,2657.0,133,19,4.0,11,3,23
980,3207,Букет из 35 альстромерий нежный микс в стильной упаковке,5.0,324,35.0,7523.0,377,56,12.0,1,4,1
530,148,Хризантема кустовая микс,4.5,680,11.0,366.0,19,24,10.0,8,5,36
158,5554,Букет из 5 хризантем Бакарди в стильной упаковке,4.8,188,5.0,2069.0,104,48,10.0,8,3,36
581,3375,Букет цветов Лунная соната,4.6,711,2.0,3497.0,175,26,14.5,7,5,9
62,3124,Букет из 25 белой розы 35-40 см (Кения) в дизайнерской упаковке,4.9,685,25.0,2709.0,136,63,4.0,11,3,26
1430,27,Лизиантус белый,4.7,543,9.0,643.0,33,15,7.0,1,1,38
1374,5385,Букет из тюльпанов микс стандарт в упаковке      15 шт,4.5,165,15.0,4007.0,201,54,7.0,1,1,33
1171,3580,Букет из 5 белых кустовых хризантем в стильной упаковке,4.6,530,5.0,3074.0,154,55,10.0,8,2,36
1425,32,Матрикария,4.8,391,19.0,296.0,15,10,7.0,1,1,29
1445,1409,Маттиола яркий микс,4.7,590,15.0,493.0,25,19,7.0,11,1,21
944,4881,Букет цветов Жемчужина моря,4.9,197,1.0,1880.0,94,27,9.0,10,4,13
798,5100,Букет цветов Блики лета,4.7,148,5.0,4631.0,232,23,14.0,11,5,24
1125,2136,Букет цветов Твоя фантазия,4.8,579,49.0,7025.0,352,26,7.0,1,4,33
457,2127,Букет из 101 розового тюльпана стандарт в дизайнерской упаковке,4.7,707,49.0,8883.0,445,63,7.0,1,3,33
607,3400,Букет цветов Нежный возраст,4.5,331,1.0,1360.0,68,27,9.0,10,5,13
200,5302,Букет цветов Нежный закат,4.8,186,9.0,2604.0,131,25,8.0,8,3,2
135,4400,Букет цветов Струны души   S,5.0,677,15.0,9461.0,474,28,14.5,1,3,27
254,3425,Букет из 3 белых ориентальных лилий в упаковке,4.6,748,3.0,4158.0,208,46,5.0,11,3,20
9,1881,Букет из 15 гербер стандарт микс в стильной упаковке,4.5,536,15.0,3390.0,170,52,7.0,7,3,5
816,5091,Букет из 35 розовых пионов (Premium) в стильной упаковке,4.3,165,35.0,14617.625,732,56,4.0,11,5,23
195,3484,Хризантема Бакарди белая,4.9,608,7.0,377.0,19,24,10.0,8,3,36
1018,542,Букет из 15 матрикарий в стильной упаковке,4.5,331,15.0,4762.0,239,42,7.0,1,4,29
593,3412,Букет из 7 лилий азиатских в стильной упаковке,4.7,322,7.0,4662.0,234,46,5.0,11,5,20
1401,3268,Букет из гипсофил Созвездие любви,4.8,567,15.0,9129.0,457,33,9.0,1,1,8
1186,123,Сантини белая ромашка,5.0,751,15.0,234.0,12,21,10.0,8,2,36
443,4452,Букет из 35 тюльпанов стандарт микс под ленту,4.9,883,35.0,5187.0,260,45,7.0,1,3,33
146,4014,Букет из 101 малиновой розы 35-40 см (Россия) в стильной упаковке,5.0,925,49.0,11424.0,572,65,4.0,2,3,26
1368,1969,Букет из 35 микса тюльпанов в нежной фиолетовой упаковке,4.7,728,35.0,14384.0,720,56,7.0,1,1,33
1413,561,Букет из 15 подсолнухов под ленту,4.8,559,15.0,11030.0,552,33,9.0,9,1,25
752,5429,Букет из 9 нарциссов в стильной упаковке,4.8,196,9.0,2811.0,141,40,7.0,6,5,22
1282,30,Лизиантус микс,4.5,429,13.0,585.0,30,14,7.0,1,2,38
559,2253,Гвоздика микс,4.9,427,33.0,167.0,9,13,8.0,8,5,2
821,3577,Букет из 3 белых кустовых хризантем в стильной упаковке,4.6,685,3.0,1565.0,79,55,10.0,8,4,36
294,3641,Букет цветов Звезда,4.7,370,5.0,1670.0,84,19,12.0,1,3,1
287,4831,Букет из 25 альстромерий нежный микс в дизайнерской упаковке,5.0,464,25.0,6095.0,305,60,12.0,1,3,1
503,3949,Букет из 35 белых кустовых хризантем Балтика в стильной упаковке,4.9,876,35.0,12143.0,608,64,10.0,8,5,36
387,5189,Букет из 25 белых гладиолусов микс в стильной упаковке,4.9,196,25.0,14617.625,732,54,9.0,3,3,11
1035,2395,Букет из 25 кустовых хризантем Сантини микс в стильной упаковке,4.5,635,25.0,6431.0,322,63,10.0,8,4,36
474,2465,Букет цветов Наслаждение,5.0,879,9.0,7970.0,399,24,14.0,11,3,24
256,3424,Букет из 7 белых ориентальных лилий в упаковке,4.5,425,7.0,7382.0,370,46,5.0,11,3,20
963,3637,Букет цветов Желание,4.9,484,9.0,2394.0,120,20,12.0,1,4,1
174,3580,Букет из 5 белых кустовых хризантем в стильной упаковке,4.6,530,5.0,2426.0,122,55,10.0,8,3,36
568,2773,Букет из 101 герберы мини микс в стильной упаковке,4.5,388,49.0,14617.625,732,50,7.0,7,5,5
753,3879,Букет из 15 нарциссов в стильной упаковке,4.8,84,15.0,4686.0,235,41,7.0,6,5,22
1437,3207,Букет из 35 альстромерий нежный микс в стильной упаковке,5.0,324,35.0,9325.0,467,56,12.0,1,1,1
120,3464,Букет из 35 красных роз 35-40 см (Кения) в пленке,4.7,601,35.0,5723.0,287,49,4.0,11,3,26
1304,3289,Букет из гипсофил Мерцание луны,4.8,557,25.0,9500.0,475,31,9.0,1,2,8
180,3591,Букет из 29 кустовых хризантем нежный микс в стильной упаковке,4.9,857,29.0,11057.0,553,62,10.0,8,3,36
343,5159,Букет цветов Летний сад,4.6,166,11.0,4841.0,243,23,7.0,1,3,29
383,2684,Букет цветов Начало урока,5.0,742,3.0,2374.0,119,25,9.0,3,3,11
727,3422,Букет из сухоцветов Розовая пантера,4.6,320,5.0,9167.0,459,35,9.0,1,5,32
508,3948,Букет из 25 белых кустовых хризантем Балтика в стильной упаковке,5.0,837,25.0,8794.0,440,64,10.0,8,5,36
1012,29,Лизиантус малиновый,4.7,734,9.0,524.0,27,19,7.0,1,4,38
438,5439,Букет в шляпной коробке Влюблённость   S на фото,4.7,168,15.0,4148.0,208,48,7.0,1,3,33
187,4656,Букет из 25 белых кустовых хризантем Сантини под ленту,5.0,1,25.0,6384.0,320,54,10.0,8,3,36
295,3390,Букет цветов Мечта,4.5,501,5.0,1670.0,84,18,12.0,1,3,1
1143,2466,Букет цветов Вдохновение,4.9,787,7.0,5534.0,277,24,4.0,11,4,23
1389,2127,Букет из 101 розового тюльпана стандарт в дизайнерской упаковке,4.7,707,49.0,14617.625,732,63,7.0,1,1,33
1433,26,Ирисы синие,4.6,619,19.0,250.0,13,11,4.0,4,1,18
951,4231,Букет из 15 маттиол микс в стильной упаковке,4.5,541,15.0,7019.0,351,44,7.0,11,4,21
769,2125,Букет цветов Любящий взгляд,4.7,410,25.0,4085.0,205,27,7.0,1,5,33
230,5638,Букет из 3 гербер стандарт микс в упаковке с зеленью,4.8,165,3.0,2132.0,107,52,7.0,7,3,5
633,4830,Букет цветов Ранняя роса,5.0,1,19.0,4610.0,231,24,12.0,1,5,1
1058,5199,Букет цветов Важный день,4.7,170,9.0,5221.0,262,24,9.0,3,4,11
1382,4571,Букет из 51 жёлтого тюльпана стандарт под ленту,4.8,660,49.0,11351.0,568,47,7.0,1,1,33
68,5004,Букет из 35 белых и кремовых роз  35-40см (Россия) под атласную ленту,4.7,160,35.0,4032.0,202,69,4.0,2,3,26
1025,5094,Букет цветов Летнее поле,4.5,147,10.0,5502.0,276,24,14.5,1,4,37
588,3424,Букет из 7 белых ориентальных лилий в упаковке,4.5,425,7.0,8185.0,410,46,5.0,11,5,20
773,4452,Букет из 35 тюльпанов стандарт микс под ленту,4.9,883,35.0,4715.0,236,45,7.0,1,5,33
879,3980,Букет из 35 розовых и белых гвоздик в стильной упаковке,4.7,382,35.0,5948.0,298,55,8.0,8,4,2
1418,2156,Букет из 49 матрикарий в дизайнерской упаковке,4.7,492,49.0,14617.625,732,46,7.0,1,1,29
1139,2559,Букет цветов Восторг,5.0,714,5.0,4526.0,227,20,14.0,11,4,24
658,1849,Букет цветов Родимая,4.9,657,9.0,5345.0,268,20,7.0,1,5,38
1463,680,Гербера стандарт нежный микс,4.9,523,13.0,328.0,17,28,7.0,7,1,5
1459,1977,Букет из 9 гербер стандарт микс в стильной упаковке с зеленью,5.0,388,9.0,4489.0,225,61,7.0,7,1,5
10,5647,Букет из 51 красной розы (Кения) 50 см под ленту,4.6,185,49.0,5160.0,258,48,4.0,11,3,26
550,3980,Букет из 35 розовых и белых гвоздик в стильной упаковке,4.7,382,35.0,5948.0,298,55,8.0,8,5,2
1207,14,Гвоздика красная,4.9,727,21.0,176.0,9,16,8.0,8,2,2
1435,3208,Букет из 15 альстромерий нежный микс в стильной упаковке,4.5,723,15.0,4985.0,250,56,12.0,1,1,1
1336,4458,Букет цветов Поцелуй любви,4.6,824,25.0,6275.0,314,26,7.0,1,2,33
829,3586,Букет из 11 кустовых хризантем микс в стильной упаковке,4.9,742,11.0,4085.0,205,55,10.0,8,4,36
954,4232,Букет из 19 маттиол микс в стильной упаковке,5.0,340,19.0,8799.0,440,44,7.0,11,4,21
35,5643,Букет из 35 красных роз (Кения) 50 см под ленту,4.7,165,35.0,4170.0,209,47,4.0,11,3,26
757,4912,Букет цветов Красота,4.2,163,11.0,2132.0,107,20,7.0,1,5,33
137,3675,Букет из 25 красных роз premium 60-70 см (Эквадор) в стильной упаковке,4.9,776,25.0,10138.0,507,70,4.0,11,3,26
745,3269,Букет из гипсофил Летний рассвет,4.7,395,9.0,4904.0,246,32,9.0,1,5,8
1107,4607,Букет из 25 красных тюльпанов стандарт под ленту,4.8,938,25.0,3665.0,184,48,7.0,1,4,33
1174,3733,Букет из 15 белых кустовых хризантем Сантини в стильной упаковке,4.7,572,15.0,4453.0,223,64,10.0,8,2,36
206,5515,Букет цветов Нежные ноты,4.6,166,7.0,2489.0,125,24,14.5,8,3,4
1357,1051,Тюльпаны пионовидные нежный микс,4.6,896,15.0,378.0,19,32,7.0,1,2,33
1432,30,Лизиантус микс,4.5,429,13.0,643.0,33,14,7.0,1,1,38
691,2405,Букет из 15 кустовых хризантем Сантини микс в стильной упаковке,5.0,667,15.0,4184.0,210,63,10.0,8,5,36
461,2504,Букет цветов Сказка,5.0,624,3.0,3350.0,168,19,4.0,11,3,23
490,3577,Букет из 3 белых кустовых хризантем в стильной упаковке,4.6,685,3.0,1565.0,79,55,10.0,8,5,36
359,2401,Букет из 49 кустовых хризантем Сантини микс в стильной упаковке,4.9,797,49.0,12868.0,644,63,10.0,8,3,36
87,3671,Букет из 5 белых роз premium 40-50 см (Эквадор) в стильной упаковке,5.0,823,5.0,2363.0,119,67,4.0,11,3,26
156,2083,Букет из 51 красной розы premium 40-50 см (Эквадор) в упаковке,4.9,690,49.0,14617.625,732,62,4.0,11,3,26
1126,4459,Букет цветов Яркие эмоции,4.7,919,49.0,7025.0,352,25,7.0,1,4,33
162,3588,Букет из 15 кустовых хризантем микс в стильной упаковке,4.7,879,15.0,5996.0,300,55,10.0,8,3,36
1152,5102,Букет цветов Магия любви,4.8,185,15.0,11324.0,567,24,4.0,11,4,23
899,5044,Букет из 9 гербер стандарт микс в стильной упаковке,4.3,164,9.0,2982.0,150,51,7.0,7,4,5
522,2947,Букет из 75 белых кустовых хризантем Сантини в стильной упаковке,4.6,531,49.0,14617.625,732,64,10.0,8,5,36
1091,3478,Гипсофила белая,4.5,432,15.0,366.0,19,15,9.0,1,4,8
1103,4461,Букет в шляпной коробке Мягкая   S,4.8,428,15.0,3350.0,168,34,7.0,1,4,33
267,3417,Лилия ориентальная нежный микс,4.8,570,11.0,1154.0,58,30,5.0,11,3,20
587,3426,Букет из 5 белых ориентальных лилий в упаковке,4.8,663,5.0,5875.0,294,46,5.0,11,5,20
1146,2465,Букет цветов Наслаждение,5.0,879,9.0,7256.0,363,24,14.0,11,4,24
1252,4233,Букет из 25 маттиол микс в стильной упаковке,4.6,393,25.0,11963.0,599,44,7.0,11,2,21
1217,132,Гербера мини яркий микс,4.6,351,35.0,219.0,11,23,7.0,7,2,5
1194,3982,Букет из 25 розовых гвоздик в стильной упаковке,4.7,599,25.0,5025.0,252,47,8.0,8,2,2
1242,4179,Букет цветов Мечтательный,4.5,358,1.0,3242.0,163,25,14.5,10,2,14
79,3678,Букет цветов Только ты,4.9,470,49.0,14617.625,732,22,4.0,11,3,26
1455,1881,Букет из 15 гербер стандарт микс в стильной упаковке,4.5,536,15.0,4248.0,213,52,7.0,7,1,5
1308,3269,Букет из гипсофил Летний рассвет,4.7,395,9.0,4972.0,249,32,9.0,1,2,8
502,2945,Букет из 11 белых кустовых хризантем Сантини в упаковке,4.6,763,11.0,3381.0,170,55,10.0,8,5,36
1136,2468,Букет из 5 белых пионов (Premium) в дизайнерской упаковке,4.7,849,5.0,3985.0,200,57,14.0,11,4,24
549,3983,Букет из 35 розовых гвоздик в стильной упаковке,4.7,695,35.0,5948.0,298,47,8.0,8,5,2
1441,3226,Букет из 9 маттиол микс в стильной упаковке,4.5,335,9.0,5737.0,287,43,7.0,11,1,21
764,4574,Букет из 25 белых тюльпанов стандарт под ленту,4.6,869,25.0,3665.0,184,46,7.0,1,5,33
52,5703,Букет из 35 кремовых роз (Россия) 35-40 см в упаковке,4.7,168,35.0,5303.0,266,53,4.0,2,3,26
1142,5495,Букет цветов Яркий день,4.8,169,7.0,5402.0,271,23,4.0,11,4,23
8,2937,Букет из 35 роз микс 35-40 см (Кения) под атласную ленту,4.7,838,35.0,3170.0,159,56,4.0,11,3,26
77,2060,Букет из 25 роз premium яркий микс 40-50 см (Эквадор) в упаковке,4.5,572,25.0,7712.0,386,64,4.0,11,3,26
1299,141,Подсолнух,4.8,421,6.0,585.0,30,9,9.0,9,2,25
400,2552,Фрезия микс,5.0,338,35.0,282.0,15,11,6.0,10,3,35
473,2557,Букет цветов Сладость,4.6,688,9.0,7266.0,364,21,4.0,11,3,23
169,3593,Букет из 35 кустовых хризантем микс в стильной упаковке,4.7,664,35.0,13356.0,668,55,10.0,8,3,36
330,3656,Букет из 7 розовых эустом в стильной упаковке,4.6,436,7.0,4615.0,231,45,7.0,1,3,38
1021,4750,Букет цветов Теплые мгновения,5.0,1,3.0,5019.0,251,29,14.5,8,4,37
1111,2125,Букет цветов Любящий взгляд,4.7,410,25.0,4085.0,205,27,7.0,1,4,33
1351,3095,Букет цветов Важный шаг,4.8,425,49.0,14617.625,732,23,7.0,1,2,33
586,3425,Букет из 3 белых ориентальных лилий в упаковке,4.6,748,3.0,3775.0,189,46,5.0,11,5,20
913,680,Гербера стандарт нежный микс,4.9,523,13.0,261.0,14,28,7.0,7,4,5
1407,2581,Букет из 15 фрезий микс в стильной упаковке,4.9,328,15.0,5854.0,293,43,6.0,10,1,35
991,4617,Букет из альстромерий нежный микс в коробке,4.6,179,25.0,6731.0,337,43,12.0,1,4,1
1200,3976,Букет из 15 розовых гвоздик в стильной упаковке с зеленью,4.8,572,15.0,3705.0,186,57,8.0,8,2,2
929,35,Лилия азиатская белая,4.7,659,9.0,576.0,29,21,5.0,11,4,20
1198,3979,Букет из 25 розовых и белых гвоздик в стильной упаковке,5.0,315,25.0,5025.0,252,55,8.0,8,2,2
199,4615,Букет из 25 белых хризантем Сантини в коробке,4.7,105,25.0,7445.0,373,45,10.0,8,3,36
632,4828,Букет цветов Отражение чувств,5.0,1,19.0,4610.0,231,29,12.0,1,5,1
1475,2405,Букет из 15 кустовых хризантем Сантини микс в стильной упаковке,5.0,667,15.0,5244.0,263,63,10.0,8,1,36
362,2947,Букет из 75 белых кустовых хризантем Сантини в стильной упаковке,4.6,531,49.0,14617.625,732,64,10.0,8,3,36
695,4655,Букет из 25 фиолетовых кустовых хризантем Сантини под ленту,5.0,1,25.0,5801.0,291,59,10.0,8,5,36
509,3733,Букет из 15 белых кустовых хризантем Сантини в стильной упаковке,4.7,572,15.0,4184.0,210,64,10.0,8,5,36
1404,2806,Букет из сухоцветов Прованс,4.9,469,1.0,2617.0,131,27,9.0,1,1,32
401,3521,Букет из сухоцветов Сахарная вата,4.8,533,2.0,5793.0,290,33,14.5,1,3,10
132,3924,Букет из 101 кремовой розы 35-40 см (Россия) под ленту,4.7,944,49.0,9230.0,462,54,4.0,2,3,26
761,4461,Букет в шляпной коробке Мягкая   S,4.8,428,15.0,3350.0,168,34,7.0,1,5,33
6,4007,Букет из 101 розы нежный микс 35-40 см (Россия) под ленту,4.8,753,49.0,7140.0,357,57,4.0,2,3,26
33,3265,Букет из 101 розы яркий микс 35-40 см (Кения),5.0,812,49.0,7140.0,357,45,4.0,11,3,26
579,3974,Букет из 51 мини гербер микс в стильной упаковке,5.0,332,49.0,9671.0,484,48,7.0,7,5,5
1286,3733,Букет из 15 белых кустовых хризантем Сантини в стильной упаковке,4.7,572,15.0,4453.0,223,64,10.0,8,2,36
1429,2410,Букет из 35 белых лизиантусов в стильной упаковке,4.5,597,35.0,14617.625,732,49,7.0,1,1,38
379,3387,Букет из 3 гладиолусов в дизайнерской упаковке,4.5,655,3.0,2374.0,119,46,9.0,3,3,11
713,5189,Букет из 25 белых гладиолусов микс в стильной упаковке,4.9,196,25.0,13550.0,678,54,9.0,3,5,11
679,5609,Букет из 11 матрикарий в стильной упаковке,4.8,188,11.0,3402.0,171,42,7.0,1,5,29
11,4699,Букет из 51 розовой розы 35-40 см (Россия) под ленту,5.0,449,49.0,3610.0,181,52,4.0,2,3,26
1184,3951,Букет из 51 белой кустовой хризантемы Балтика в стильной упаковке,5.0,748,49.0,14617.625,732,65,10.0,8,2,36
1448,1327,Гортензия розовая,5.0,712,5.0,1999.0,100,17,9.0,10,1,13
981,3625,Букет из 51 альстромерии яркий микс в  упаковке,4.8,398,49.0,10206.0,511,47,12.0,1,4,1
96,4673,Букет из 51 белой розы 35-40 см (Россия) под ленту,5.0,8,49.0,3610.0,181,50,4.0,2,3,26
301,4832,Букет цветов Теплые воспоминания,5.0,1,19.0,5072.0,254,32,12.0,1,3,1
1163,3588,Букет из 15 кустовых хризантем микс в стильной упаковке,4.7,879,15.0,7755.0,388,55,10.0,8,2,36
542,3681,Букет из 15 гвоздик микс в стильной упаковке,4.5,725,15.0,3134.0,157,44,8.0,8,5,2
378,141,Подсолнух,4.8,421,6.0,534.0,27,9,9.0,9,3,25
194,3487,Хризантема Бакарди яркий микс,4.7,742,11.0,377.0,19,29,10.0,8,3,36
286,3637,Букет цветов Желание,4.9,484,9.0,2636.0,132,20,12.0,1,3,1
410,3688,Букет из гипсофил Белый пух,4.6,437,7.0,3749.0,188,27,9.0,1,3,8
313,2968,Альстромерия яркий микс,4.6,362,17.0,230.0,12,23,12.0,1,3,1
333,2410,Букет из 35 белых лизиантусов в стильной упаковке,4.5,597,35.0,14617.625,732,49,7.0,1,3,38
91,2871,Букет из 15 белых роз 35-40 см (Россия) в стильной упаковке,4.6,972,15.0,3103.0,156,59,4.0,2,3,26
781,2126,Букет цветов Роскошь,4.6,955,49.0,5975.0,299,20,7.0,1,5,33
1335,2157,Букет цветов Романтический день,5.0,451,25.0,5227.0,262,31,7.0,1,2,33
598,3415,Лилия ориентальная розовая,4.7,356,9.0,1049.0,53,26,5.0,11,5,20
167,3586,Букет из 11 кустовых хризантем микс в стильной упаковке,4.9,742,11.0,4494.0,225,55,10.0,8,3,36
1106,4574,Букет из 25 белых тюльпанов стандарт под ленту,4.6,869,25.0,3665.0,184,46,7.0,1,4,33
706,3386,Букет из 3 гладиолусов и 3 альстромерий в дизайнерской упаковке,4.8,566,3.0,4484.0,225,63,14.5,8,5,12
611,4880,Букет цветов Легкий шарм,4.8,166,3.0,3980.0,199,24,9.0,10,5,13
896,5708,Букет из 15 гербер стандарт микс в стильной упаковке с зеленью,4.8,185,15.0,4765.0,239,62,14.5,7,4,6
1071,2847,Букет из 25 белых фрезий в дизайнерской упаковке,4.5,716,25.0,7534.0,377,48,6.0,10,4,35
74,5310,Букет цветов Важный момент,4.6,167,9.0,5607.0,281,26,14.0,11,3,28
934,3398,Букет цветов Первый поцелуй,4.6,572,3.0,3245.0,163,27,9.0,10,4,13
647,4626,Букет из 15 гиацинтов в стильной упаковке,5.0,1,15.0,5360.0,268,41,7.0,5,5,7
617,4989,Букет из 51 альстромерий микс под ленту,5.0,4,15.0,5990.0,300,39,3.0,1,5,36
491,5555,Букет из 9 хризантем Бакарди в стильной упаковке,4.8,186,9.0,3455.0,173,48,10.0,8,5,36
272,4178,Букет цветов Голубоглазка,4.8,386,1.0,1502.0,76,25,9.0,10,3,13
1477,2401,Букет из 49 кустовых хризантем Сантини микс в стильной упаковке,4.9,797,49.0,14169.0,709,63,10.0,8,1,36
832,2945,Букет из 11 белых кустовых хризантем Сантини в упаковке,4.6,763,11.0,3381.0,170,55,10.0,8,4,36
421,4595,Букет из 25 белых гипсофил в коробке,4.5,199,25.0,9461.0,474,36,9.0,1,3,8
21,4641,Букет из 101 белой и кремовой розы 35-40 см (Россия) под ленту,5.0,386,49.0,7140.0,357,62,4.0,2,3,26
763,4460,Букет из 15 пионовидных тюльпанов в упаковке,4.6,610,15.0,3560.0,178,44,7.0,1,5,33
1249,4231,Букет из 15 маттиол микс в стильной упаковке,4.5,541,15.0,7610.0,381,44,7.0,11,2,21
1205,13,Гвоздика белая,4.5,640,21.0,176.0,9,14,8.0,8,2,2
663,3656,Букет из 7 розовых эустом в стильной упаковке,4.6,436,7.0,4195.0,210,45,7.0,1,5,38
142,4005,Букет из 101 малиновой розы 35-40 см (Россия) под ленту,5.0,729,49.0,10385.0,520,55,4.0,2,3,26
884,13,Гвоздика белая,4.5,640,21.0,167.0,9,14,8.0,8,4,2
1148,5099,Букет цветов Робкая надежда,4.7,175,11.0,8390.0,420,27,4.0,11,4,23
1372,2044,Букет цветов Родная,4.8,856,9.0,3003.0,151,19,7.0,1,1,33
1241,3400,Букет цветов Нежный возраст,4.5,331,1.0,2520.0,126,27,9.0,10,2,13
7,4989,Букет из 51 альстромерий микс под ленту,5.0,4,49.0,6590.0,330,39,12.0,1,3,1
1424,3317,Букет из 21 садовой ромашки в стильной упаковке,4.6,477,21.0,9720.0,486,47,7.0,4,1,29
1076,3482,Фрезия фиолетовая,4.5,426,21.0,272.0,14,17,6.0,10,4,35
811,5517,Букет из 25 белых пионов (Premium) под ленту,4.7,169,25.0,14617.625,732,44,4.0,11,5,23
1480,48,Хризантема Анастасия желтая,4.9,618,10.0,564.0,29,27,10.0,8,1,36
972,3390,Букет цветов Мечта,4.5,501,5.0,1517.0,76,18,12.0,1,4,1
531,4615,Букет из 25 белых хризантем Сантини в коробке,4.7,105,25.0,6762.0,339,45,10.0,8,5,36
969,3634,Букет цветов Безмятежность,4.7,485,11.0,3108.0,156,26,12.0,1,4,1
489,5554,Букет из 5 хризантем Бакарди в стильной упаковке,4.8,188,5.0,1880.0,94,48,10.0,8,5,36
157,2040,Букет из 25 белых роз 60-70 см (Эквадор) Vendella,4.7,615,25.0,9618.0,481,49,4.0,11,3,26
1059,5186,Букет из 15 гладиолусов микс под ленту,4.4,164,15.0,6951.0,348,38,9.0,3,4,11
602,34,Лилия азиатская оранжевая,4.6,584,11.0,576.0,29,25,5.0,11,5,20
1268,2968,Альстромерия яркий микс,4.6,362,17.0,257.0,13,23,12.0,1,2,1
703,1417,Букет из 25 подсолнухов под ленту,4.5,626,25.0,13519.0,676,33,9.0,9,5,25
1417,2004,Букет из 35 матрикарий в дизайнерской упаковке,4.9,630,35.0,12724.0,637,46,7.0,1,1,29
92,5474,Букет из белых и красных роз (Кения) 35-40 см под ленту     15 шт,4.6,167,15.0,3103.0,156,65,4.0,11,3,26
515,4284,Букет из 9 кустовых хризантем Сантини микс в стильной упаковке,4.5,359,9.0,2793.0,140,62,10.0,8,5,36
64,5472,Букет из белых роз (Кения) 35-40 см под ленту     15 шт,4.9,200,15.0,2930.0,147,55,4.0,11,3,26
795,5494,Букет цветов Шепот полей,4.9,196,5.0,4142.0,208,24,4.0,11,5,23
652,5035,Букет из ирисов под ленту   15 шт,4.7,145,15.0,2819.0,141,33,4.0,4,5,18
875,2745,Букет из 25 красных гвоздик в стильной упаковке,4.5,594,25.0,4384.0,220,47,8.0,8,4,2
472,2462,Букет из 9 белых пионов (Premium) в стильной упаковке,4.7,958,9.0,7266.0,364,53,4.0,11,3,23
998,26,Ирисы синие,4.6,619,19.0,188.0,10,11,4.0,4,4,18
366,4194,Букет из 9 садовых ромашек и 5 маттиол в стильной пленке,4.6,386,9.0,5644.0,283,56,14.5,4,3,31
308,3542,Альстромерия белая,4.9,612,11.0,230.0,12,18,12.0,1,3,1
116,3075,Букет из 15 белых роз 40-50 см (Эквадор) в стильной упаковке,4.6,958,15.0,5297.0,265,60,4.0,11,3,26
759,4450,Букет из 15 тюльпанов стандарт микс под ленту,4.7,586,15.0,2930.0,147,45,7.0,1,5,33
145,3466,Букет из 101 красной розы 35-40 см (Кения) в стильной упаковке,4.6,964,49.0,11424.0,572,62,4.0,11,3,26
1056,3387,Букет из 3 гладиолусов в дизайнерской упаковке,4.5,655,3.0,1951.0,98,46,9.0,3,4,11
397,155,Фрезия белая,5.0,406,21.0,282.0,15,12,6.0,10,3,35
152,3669,Букет из 5 красных роз premium 40-50 см (Эквадор) в стильной упаковке,4.8,890,5.0,2478.0,124,69,4.0,11,3,26
217,3983,Букет из 35 розовых гвоздик в стильной упаковке,4.7,695,35.0,6542.0,328,47,8.0,8,3,2
1259,957,Букет из 79 альстромерий микс в стильной упаковке,4.5,613,49.0,14393.0,720,49,12.0,1,2,1
1093,4595,Букет из 25 белых гипсофил в коробке,4.5,199,25.0,8600.0,430,36,9.0,1,4,8
1038,4655,Букет из 25 фиолетовых кустовых хризантем Сантини под ленту,5.0,1,25.0,5801.0,291,59,10.0,8,4,36
1169,3582,Букет из 7 белых кустовых хризантем в стильной упаковке,4.9,558,7.0,3955.0,198,55,10.0,8,2,36
648,3651,Букет цветов Натура,4.8,614,11.0,2489.0,125,19,4.0,4,5,18
917,3424,Букет из 7 белых ориентальных лилий в упаковке,4.5,425,7.0,8185.0,410,46,5.0,11,4,20
780,4449,Букет из 51 тюльпана стандарт микс в упаковке,4.8,501,49.0,5975.0,299,45,7.0,1,5,33
5,5643,Букет из 35 красных роз (Кения) 50 см под ленту,4.7,165,35.0,4170.0,209,47,4.0,11,3,26
845,2405,Букет из 15 кустовых хризантем Сантини микс в стильной упаковке,5.0,667,15.0,4184.0,210,63,10.0,8,4,36
1469,12,Гвоздика розовая,4.5,538,21.0,203.0,11,16,8.0,8,1,2
360,4656,Букет из 25 белых кустовых хризантем Сантини под ленту,5.0,1,25.0,6384.0,320,54,10.0,8,3,36
1086,3288,Букет из гипсофил Утренний иней,4.9,420,15.0,6652.0,333,31,9.0,1,4,8
912,132,Гербера мини яркий микс,4.6,351,35.0,209.0,11,23,7.0,7,4,5
1278,2410,Букет из 35 белых лизиантусов в стильной упаковке,4.5,597,35.0,14617.625,732,49,7.0,1,2,38
664,3657,Букет из 9 белых эустом в стильной упаковке,5.0,445,9.0,5135.0,257,43,7.0,1,5,38
674,542,Букет из 15 матрикарий в стильной упаковке,4.5,331,15.0,4762.0,239,42,7.0,1,5,29
725,3521,Букет из сухоцветов Сахарная вата,4.8,533,2.0,4572.0,229,33,14.5,1,5,10
609,4886,Букет цветов Нежные прикосновения,4.8,183,1.0,2615.0,131,33,14.5,10,5,17
1042,3318,Букет из 15 садовых ромашек в дизайнерской упаковке,4.7,719,15.0,4447.0,223,51,7.0,4,4,29
532,5302,Букет цветов Нежный закат,4.8,186,9.0,2373.0,119,25,8.0,8,5,2
335,29,Лизиантус малиновый,4.7,734,9.0,534.0,27,19,7.0,1,3,38
1280,29,Лизиантус малиновый,4.7,734,9.0,585.0,30,19,7.0,1,2,38
1487,148,Хризантема кустовая микс,4.5,680,11.0,487.0,25,24,10.0,8,1,36
1051,32,Матрикария,4.8,391,19.0,261.0,14,10,7.0,1,4,29
992,4626,Букет из 15 гиацинтов в стильной упаковке,5.0,1,15.0,4850.0,243,41,7.0,5,4,7
1235,4198,Букет цветов Важные слова,5.0,628,3.0,7402.0,371,25,14.5,10,2,14
36,4007,Букет из 101 розы нежный микс 35-40 см (Россия) под ленту,4.8,753,49.0,7140.0,357,57,4.0,2,3,26
136,1955,Букет из 25 алых роз 60-70 см (Эквадор) Нина,4.9,639,25.0,9566.0,479,44,4.0,11,3,26
317,3846,Букет цветов Доверие,4.7,506,35.0,7067.0,354,20,4.0,4,3,18
1203,3983,Букет из 35 розовых гвоздик в стильной упаковке,4.7,695,35.0,6259.0,313,47,8.0,8,2,2
822,5555,Букет из 9 хризантем Бакарди в стильной упаковке,4.8,186,9.0,3455.0,173,48,10.0,8,4,36
861,5302,Букет цветов Нежный закат,4.8,186,9.0,2373.0,119,25,8.0,8,4,2
1153,5517,Букет из 25 белых пионов (Premium) под ленту,4.7,169,25.0,12206.0,611,44,4.0,11,4,23
419,3478,Гипсофила белая,4.5,432,15.0,377.0,19,15,9.0,1,3,8
1037,4656,Букет из 25 белых кустовых хризантем Сантини под ленту,5.0,1,25.0,5801.0,291,54,10.0,8,4,36
191,123,Сантини белая ромашка,5.0,751,15.0,251.0,13,21,10.0,8,3,36
280,4955,Букет цветов Причина любви,4.6,183,3.0,4673.0,234,26,9.0,10,3,13
1050,4615,Букет из 25 белых хризантем Сантини в коробке,4.7,105,25.0,6762.0,339,45,10.0,8,4,36
1466,2751,Букет из 25 диантусов микс с зеленью в дизайнерской упаковке,4.7,342,25.0,6524.0,327,60,8.0,8,1,2
226,14,Гвоздика красная,4.9,727,21.0,177.0,9,16,8.0,8,3,2
627,3390,Букет цветов Мечта,4.5,501,5.0,1517.0,76,18,12.0,1,5,1
1452,33,Лилия азиатская желтая,4.6,566,9.0,643.0,33,22,5.0,11,1,20
719,2582,Букет из 25 фрезий микс в дизайнерской упаковке,4.9,462,25.0,7534.0,377,47,6.0,10,5,35
1426,1849,Букет цветов Родимая,4.9,657,9.0,6461.0,324,20,7.0,1,1,38
113,1139,Букет из 25 розовых роз 35-40 см (Россия),4.9,593,25.0,4652.0,233,41,4.0,2,3,26
1262,3208,Букет из 15 альстромерий нежный микс в стильной упаковке,4.5,723,15.0,4386.0,220,56,12.0,1,2,1
250,679,Гербера мини нежный микс,4.9,467,35.0,219.0,11,24,7.0,7,3,5
1332,4607,Букет из 25 красных тюльпанов стандарт под ленту,4.8,938,25.0,5018.0,251,48,7.0,1,2,33
936,3400,Букет цветов Нежный возраст,4.5,331,1.0,1360.0,68,27,9.0,10,4,13
1019,5555,Букет из 9 хризантем Бакарди в стильной упаковке,4.8,186,9.0,3455.0,173,48,10.0,8,4,36
1193,401,Сантини желтая,4.9,779,15.0,396.0,20,14,10.0,8,2,36
340,5554,Букет из 5 хризантем Бакарди в стильной упаковке,4.8,188,5.0,2069.0,104,48,10.0,8,3,36
1403,3443,Гипсофила микс,4.9,563,15.0,487.0,25,14,9.0,1,1,8
670,28,Лизиантус фиолетовый,4.6,472,9.0,524.0,27,20,7.0,1,5,38
1068,4303,Гладиолусы розовые,4.6,574,7.0,371.0,19,18,9.0,3,4,11
1047,5123,Букет цветов Солнечный день,4.5,166,15.0,8012.0,401,27,14.5,4,4,31
533,3982,Букет из 25 розовых гвоздик в стильной упаковке,4.7,599,25.0,2990.0,150,47,8.0,8,5,2
331,3657,Букет из 9 белых эустом в стильной упаковке,5.0,445,9.0,5639.0,282,43,7.0,1,3,38
726,4360,Букет из сухоцветов Золотое солнце,4.8,339,1.0,8709.0,436,34,9.0,1,5,32
1105,4460,Букет из 15 пионовидных тюльпанов в упаковке,4.6,610,15.0,3560.0,178,44,7.0,1,4,33
1173,3948,Букет из 25 белых кустовых хризантем Балтика в стильной упаковке,5.0,837,25.0,12289.0,615,64,10.0,8,2,36
189,3951,Букет из 51 белой кустовой хризантемы Балтика в стильной упаковке,5.0,748,49.0,14617.625,732,65,10.0,8,3,36
837,3948,Букет из 25 белых кустовых хризантем Балтика в стильной упаковке,5.0,837,25.0,8794.0,440,64,10.0,8,4,36
440,2157,Букет цветов Романтический день,5.0,451,25.0,4494.0,225,31,7.0,1,3,33
252,680,Гербера стандарт нежный микс,4.9,523,13.0,272.0,14,28,7.0,7,3,5
1321,4448,Букет из 35 тюльпанов стандарт микс в упаковке,4.9,521,35.0,7539.0,377,46,7.0,1,2,33
1277,1972,Букет из 21 лизиантуса микс в упаковке,4.5,334,21.0,11927.0,597,38,7.0,1,2,38
585,47,Гербера стандарт яркий микс,4.7,672,13.0,261.0,14,27,7.0,7,5,5
186,2401,Букет из 49 кустовых хризантем Сантини микс в стильной упаковке,4.9,797,49.0,12868.0,644,63,10.0,8,3,36
176,3948,Букет из 25 белых кустовых хризантем Балтика в стильной упаковке,5.0,837,25.0,9671.0,484,64,10.0,8,3,36
1024,5556,Букет из 11 хризантем Бакарди в стильной упаковке,4.7,199,11.0,4085.0,205,49,10.0,8,4,36
418,3290,Букет из гипсофилы Облако любви,4.9,501,49.0,14617.625,732,31,9.0,1,3,8
1006,3655,Букет из 7 белых эустом в стильной упаковке,4.7,377,7.0,4195.0,210,43,7.0,1,4,38
920,3411,Букет из 5 лилий азиатских в стильной упаковке,4.6,700,5.0,3512.0,176,46,5.0,11,4,20
1138,5101,Букет цветов Лунная магия,4.6,166,5.0,4379.0,219,25,4.0,11,4,23
318,3649,Букет цветов Забота,4.9,591,7.0,1796.0,90,19,4.0,4,3,18
324,4894,Букет экспресс Добрая,4.7,345,5.0,3460.0,173,21,7.0,1,3,38
1073,2578,Букет из 49 фрезий микс в стильной упаковке,5.0,499,49.0,14165.0,709,43,6.0,10,4,35
819,1283,Пион розовый (Голландия) Premium,4.6,581,1.0,524.0,27,32,4.0,11,5,23
623,3627,Букет из 35 альстромерий яркий микс в  упаковке,4.8,497,35.0,7523.0,377,47,12.0,1,5,1
852,123,Сантини белая ромашка,5.0,751,15.0,240.0,12,21,10.0,8,4,36
740,3289,Букет из гипсофил Мерцание луны,4.8,557,25.0,8899.0,445,31,9.0,1,5,8
273,3398,Букет цветов Первый поцелуй,4.6,572,3.0,3581.0,180,27,9.0,10,3,13
1307,3288,Букет из гипсофил Утренний иней,4.9,420,15.0,6434.0,322,31,9.0,1,2,8
792,5068,Букет цветов Первая любовь,4.7,156,5.0,3670.0,184,26,4.0,11,5,23
17,3981,Букет из 51 розовой и белой гвоздики в стильной упаковке,4.5,413,49.0,5490.0,275,56,8.0,8,3,2
1411,155,Фрезия белая,5.0,406,21.0,308.0,16,12,6.0,10,1,35
583,132,Гербера мини яркий микс,4.6,351,35.0,209.0,11,23,7.0,7,5,5
536,3981,Букет из 51 розовой и белой гвоздики в стильной упаковке,4.5,413,49.0,4990.0,250,56,8.0,8,5,2
445,4571,Букет из 51 жёлтого тюльпана стандарт под ленту,4.8,660,49.0,5870.0,294,47,7.0,1,3,33
377,1417,Букет из 25 подсолнухов под ленту,4.5,626,25.0,14617.625,732,33,9.0,9,3,25
95,3745,Букет из 9 розовых роз premium 40-50 см (Эквадор) в стильной упаковке,4.9,558,9.0,3581.0,180,69,4.0,11,3,26
492,2396,Букет из 5 кустовых хризантем Балтика микс в стильной упаковке,4.7,920,5.0,2200.0,110,62,10.0,8,5,36
1390,153,Тюльпаны белые,4.9,657,15.0,295.0,15,14,7.0,1,1,33
245,3972,Букет из 25 мини гербер микс в стильной упаковке,4.8,387,25.0,5628.0,282,48,7.0,7,3,5
34,5479,Букет из красных роз 35-40 см (Кения) в упаковке    9 шт,4.7,171,9.0,1491.0,75,56,4.0,11,3,26
